0,0.025,0.05,0.075,0.1,0.125,0.15,0.17500000000000002,0.2,0.22499999999999998,0.25,0.275,0.3,0.325,0.35000000000000003,0.375,0.4,0.42500000000000004,0.44999999999999996,0.475,0.5,0.525,0.55,0.5750000000000001,0.6,0.625,0.65,0.675,0.7000000000000001,0.725,0.75,1.9,1.7999999999999998,1.6999999999999997,1.5999999999999996,1.5000000000000002,1.4000000000000001,1.3,1.2,1.0999999999999999,0.9999999999999998,0.9000000000000002,0.8000000000000002,0.7000000000000001,0.6,0.4999999999999999,0.3999999999999998,0.30000000000000027,0.20000000000000018,0.10000000000000009
0,0.0247,0.0497,0.0747,0.09970000000000001,0.1247,0.1497,0.17470000000000002,0.19970000000000002,0.22469999999999998,0.2497,0.2747,0.29969999999999997,0.3247,0.3497,0.3747,0.3997,0.4247,0.44969999999999993,0.47469999999999996,0.4997,0.5247,0.5497000000000001,0.5747000000000001,0.5997,0.6247,0.6497,0.6747000000000001,0.6997000000000001,0.7247,0.74295,1.8937,1.8012,1.7011999999999998,1.6011999999999997,1.5012000000000003,1.4012000000000002,1.3012000000000001,1.2012,1.1012,1.0011999999999999,0.9012000000000002,0.8012000000000001,0.7012,0.6012,0.5011999999999999,0.4011999999999998,0.30120000000000025,0.20120000000000018,0
0,0.0244018,0.0494,0.07440000000000001,0.09940000000000002,0.12440000000000001,0.1494,0.17440000000000003,0.19940000000000002,0.2244,0.2494,0.2744,0.29939999999999994,0.32439999999999997,0.3494,0.37439999999999996,0.3994,0.4244,0.4493999999999999,0.47439999999999993,0.49939999999999996,0.5244000000000001,0.5494000000000001,0.5744000000000001,0.5994,0.6244000000000001,0.6494000000000001,0.6744000000000001,0.6994000000000001,0.7244405,0.735936,1.8873505,1.802355,1.7024,1.6023999999999998,1.5024000000000004,1.4024000000000003,1.3024000000000002,1.2024000000000001,1.1024,1.0024,0.9024000000000002,0.8024000000000001,0.7024,0.6023999999999999,0.5023999999999998,0.40239999999999976,0.3024000000000002,0.2030072000000002,0
0,0.024105400000000003,0.049100010799999996,0.07410000000000001,0.09910000000000002,0.12410000000000002,0.1491,0.17410000000000003,0.19910000000000003,0.2241,0.24910000000000002,0.27409999999999995,0.2990999999999999,0.32409999999999994,0.34909999999999997,0.37409999999999993,0.39909999999999995,0.4241,0.4490999999999999,0.4740999999999999,0.49909999999999993,0.5241000000000001,0.5491000000000001,0.5741000000000002,0.5991000000000001,0.6241000000000001,0.6491000000000001,0.6741000000000001,0.6990997570000002,0.7242212840000001,0.72895854,1.880951986,1.803464703,1.7035997299999999,1.6036,1.5036000000000005,1.4036000000000004,1.3036000000000003,1.2036000000000002,1.1036000000000001,1.0036,0.9036000000000002,0.8036000000000001,0.7036,0.6035999999999999,0.5035999999999998,0.40359999999999974,0.30359635680000024,0.2048216000000002,0
0,0.0238107999352,0.0488000432,0.07380000006480002,0.09880000000000003,0.12380000000000002,0.14880000000000002,0.17380000000000004,0.19880000000000003,0.2238,0.24880000000000002,0.27379999999999993,0.2987999999999999,0.3237999999999999,0.34879999999999994,0.3737999999999999,0.39879999999999993,0.42379999999999995,0.44879999999999987,0.4737999999999999,0.4987999999999999,0.5238000000000002,0.5488000000000002,0.5738000000000002,0.5988000000000001,0.6238000000000001,0.6488000000000002,0.6738000014580001,0.6987990292960001,0.7240421313020001,0.722018155788,1.8745049490219998,1.804528816536,1.704798918218,1.6047999983799999,1.5048000000000006,1.4048000000000005,1.3048000000000004,1.2048000000000003,1.1048000000000002,1.0048000000000001,0.9048000000000002,0.8048000000000001,0.7048,0.6047999999999999,0.5047999999999998,0.4048000218591997,0.30478902720000023,0.2066431781408002,0
0,0.023517999676,0.0485001079992224,0.07350000032400002,0.09850000000038883,0.12350000000000003,0.14850000000000002,0.17350000000000004,0.19850000000000004,0.2235,0.24850000000000003,0.2734999999999999,0.2984999999999999,0.3234999999999999,0.3484999999999999,0.3734999999999999,0.3984999999999999,0.42349999999999993,0.44849999999999984,0.47349999999999987,0.4984999999999999,0.5235000000000002,0.5485000000000002,0.5735000000000002,0.5985000000000001,0.6235000000000002,0.6484999999912522,0.6735000072822241,0.6984975765169361,0.7239028165430481,0.71511537888168,1.8680098850575118,1.8055470527208242,1.7059972911269359,1.605999991889308,1.5059999999902807,1.4060000000000006,1.3060000000000005,1.2060000000000004,1.1060000000000003,1.0060000000000002,0.9060000000000001,0.806,0.706,0.6059999999999999,0.5059999998688446,0.4060000876959997,0.3059779682623106,0.2084719123040002,0
0,0.023226999028004666,0.0482002159953344,0.07320000097199302,0.09820000000233284,0.12320000000000236,0.14820000000000003,0.17320000000000005,0.19820000000000004,0.2232,0.24820000000000003,0.2731999999999999,0.29819999999999985,0.3231999999999999,0.3481999999999999,0.37319999999999987,0.3981999999999999,0.4231999999999999,0.4481999999999998,0.47319999999999984,0.49819999999999987,0.5232000000000002,0.5482000000000002,0.5732000000000003,0.5982000000000002,0.6232000000000526,0.6481999999475588,0.67320002182307,0.6981951596613711,0.7238031097288596,0.7082507364705932,1.8614672950144768,1.8065191282844075,1.707194573491925,1.607199975636128,1.5071999999416166,1.4071999999999423,1.3072000000000006,1.2072000000000005,1.1072000000000004,1.0072000000000003,0.9072000000000001,0.8072,0.7071999999999999,0.6072000000007868,0.5071999993426686,0.4072002198856389,0.3071631373146626,0.21030778011357407,0
0,0.02293779773203266,0.04790037798367047,0.07290000226795103,0.09790000000816478,0.12290000000001636,0.14790000000000003,0.17290000000000005,0.19790000000000005,0.22290000000000001,0.24790000000000004,0.27289999999999986,0.29789999999999983,0.32289999999999985,0.3478999999999999,0.37289999999999984,0.39789999999999986,0.4228999999999999,0.4478999999999998,0.4728999999999998,0.49789999999999984,0.5229000000000003,0.5479000000000003,0.5729000000000003,0.5978999999999999,0.6229000000003673,0.6478999998166207,0.6729000508647872,0.6978915411339364,0.7237427762680043,0.7014247513588795,1.854877684663594,1.8074447646135428,1.7083904884078147,1.6083999430774298,1.5083999997954336,1.408399999999592,1.3084000000000002,1.2084000000000006,1.1084000000000005,1.0084000000000004,0.9084000000000001,0.8084,0.7083999999999953,0.6084000000047307,0.5083999980233594,0.408400441057807,0.308344491953295,0.21215075893746205,0
0,0.022650395464130637,0.04760060475645496,0.07260000453580406,0.09760000002177238,0.12260000000006535,0.14760000000000012,0.17260000000000006,0.19760000000000005,0.22260000000000002,0.24760000000000004,0.27259999999999984,0.2975999999999998,0.32259999999999983,0.34759999999999985,0.3725999999999998,0.39759999999999984,0.42259999999999986,0.4475999999999998,0.4725999999999998,0.4975999999999998,0.5226000000000003,0.5476000000000003,0.5726000000000003,0.5975999999999977,0.6226000000014675,0.6475999995114342,0.6726001016168833,0.6975864847815171,0.7237215770066546,0.6946379419085059,1.848241564584066,1.8083236877910773,1.7095847573370313,1.609599886009104,1.5095999994539007,1.4095999999983646,1.3095999999999979,1.2096000000000007,1.1096000000000006,1.0096000000000005,0.9096000000000001,0.8096,0.7095999999999669,0.6096000000165905,0.509599995377041,0.40960077409422735,0.30952199004601705,0.21400082588918182,0
0,0.022364791835591907,0.04730090710202492,0.07230000816421216,0.09730000004898681,0.12230000000019599,0.1473000000000005,0.17230000000000006,0.19730000000000006,0.22230000000000003,0.24730000000000005,0.2722999999999998,0.2972999999999998,0.3222999999999998,0.34729999999999983,0.3722999999999998,0.3972999999999998,0.42229999999999984,0.44729999999999975,0.4722999999999998,0.4972999999999998,0.5223000000000003,0.5473000000000003,0.5723000000000004,0.5972999999999888,0.6223000000043989,0.6472999989017417,0.6723001827052628,0.6972797559291785,0.7237392682638927,0.6878908219830414,1.8415594501087706,1.8091556286345596,1.7107771001477232,1.6107997945564028,1.5107999987699652,1.410799999995088,1.310799999999988,1.2108000000000008,1.1108000000000007,1.0108000000000006,0.9108,0.8108000000000002,0.7107999999998674,0.6108000000443281,0.5107999907325752,0.4108012421262135,0.3106955897352473,0.2158579578294579,0
0,0.022080986392979757,0.0470012958040532,0.07200001360653038,0.09700000009797091,0.12200000000048991,0.14700000000000168,0.17200000000000007,0.19700000000000006,0.22200000000000003,0.24700000000000005,0.2719999999999998,0.29699999999999976,0.3219999999999998,0.3469999999999998,0.3719999999999998,0.3969999999999998,0.4219999999999998,0.44699999999999973,0.47199999999999975,0.4969999999999998,0.5220000000000004,0.5470000000000004,0.5720000000000004,0.5969999999999624,0.6220000000109883,0.6469999978055365,0.6720003041630982,0.6969711214158267,0.7237956018675695,0.6811839008919721,1.8348318612688614,1.8099403227343258,1.7119672351521922,1.6119996571646693,1.511999997537333,1.4119999999877078,1.3119999999999585,1.2120000000000006,1.1120000000000008,1.0120000000000007,0.912,0.8120000000000009,0.7119999999996015,0.6120000000999318,0.5119999832800839,0.41200186853219745,0.31186524944102784,0.2177221313678694,0
0,0.021798978618155437,0.04670178164077189,0.07170002138076688,0.09670000017960716,0.12170000000107772,0.14670000000000463,0.17170000000000007,0.19670000000000007,0.22170000000000004,0.24670000000000006,0.2716999999999998,0.29669999999999974,0.32169999999999976,0.3466999999999998,0.37169999999999975,0.3966999999999998,0.4216999999999998,0.4466999999999997,0.47169999999999973,0.49669999999999975,0.5217000000000004,0.5467000000000004,0.5717000000000007,0.5966999999998965,0.6217000000241548,0.6466999959806239,0.6717004774214365,0.6966603496295999,0.7238903251907126,0.6745176833355644,1.8280593227378072,1.8106775104910258,1.7131548791456102,1.6131994605903586,1.5131999954803947,1.413199999972932,1.3131999999998847,1.2132000000000003,1.1132000000000009,1.0132000000000008,0.9132,0.8132000000000034,0.713199999999002,0.6132000002002489,0.5131999720694903,0.41320267693523177,0.3130309278640138,0.21959332286451555,0
0,0.021518767928310804,0.046402375384196226,0.07140003206953387,0.09640000030788529,0.12140000000215534,0.1464000000000111,0.1714000000000001,0.19640000000000007,0.22140000000000004,0.24640000000000006,0.27139999999999975,0.2963999999999997,0.32139999999999974,0.34639999999999976,0.37139999999999973,0.39639999999999975,0.4213999999999998,0.4463999999999997,0.4713999999999997,0.49639999999999973,0.5214000000000004,0.5464000000000004,0.5714000000000012,0.5963999999997516,0.6214000000482705,0.6463999931162402,0.6714007152995426,0.6963472105429842,0.7240231811884769,0.6678926693502818,1.8212423637748745,1.811366937152579,1.7143397474450142,1.6143991898923498,1.5143999922440994,1.4143999999458152,1.3143999999997222,1.2143999999999995,1.114400000000001,1.0144000000000009,0.9144,0.8144000000000093,0.7143999999978005,0.6144000003678259,0.5143999560090804,0.4144036912004646,0.31419258398843813,0.22147150843169963,0
0,0.021240353676005626,0.04610308779934889,0.07110004631999173,0.09610000050028955,0.12110000000400259,0.14610000000002404,0.17110000000000017,0.19610000000000008,0.22110000000000005,0.24610000000000007,0.27109999999999973,0.2960999999999997,0.3210999999999997,0.34609999999999974,0.3710999999999997,0.39609999999999973,0.42109999999999975,0.44609999999999966,0.4710999999999997,0.4960999999999997,0.5211000000000005,0.5461000000000005,0.5711000000000027,0.596099999999462,0.6211000000895716,0.6460999888247325,0.6711010319949822,0.6960314757476506,0.724193908435633,0.6613093542547634,1.8143815181680607,1.8120083528505582,1.7155215539285755,1.6155988284235552,1.5155999873837787,1.4155999998992814,1.315599999999397,1.2155999999999978,1.115600000000001,1.015600000000001,0.9156,0.8156000000000225,0.7155999999955935,0.6156000006317582,0.5155999338640845,0.4156049354325885,0.3153501770850507,0.22335666393563025,0
0,0.020963735149209534,0.04580392964348497,0.07080006484378608,0.09580000077818548,0.12080000000700418,0.14580000000004806,0.1708000000000003,0.19580000000000009,0.22080000000000005,0.24580000000000007,0.2707999999999997,0.2957999999999997,0.3207999999999997,0.3457999999999997,0.3707999999999997,0.3957999999999997,0.42079999999999973,0.44579999999999964,0.47079999999999966,0.4957999999999997,0.5208000000000005,0.5458000000000005,0.570800000000006,0.5957999999989245,0.62080000015662,0.6457999826333001,0.6708014430734447,0.6957129184890066,0.7244022411645904,0.6547682285963689,1.8074773241764859,1.8126015126359951,1.7167000110751376,1.616798357822824,1.5167999803549244,1.4167999998235876,1.3167999999987927,1.216799999999994,1.1168000000000011,1.016800000000001,0.9167999999999998,0.8168000000000489,0.7167999999918031,0.6168000010285473,0.5167999042552796,0.41680643397326267,0.31650366671403246,0.22524876499814056,0
0,0.020688911571348625,0.045504911665317505,0.07050008841697787,0.09550000116720618,0.120500000011673,0.14550000000009009,0.1705000000000006,0.1955000000000001,0.22050000000000006,0.24550000000000008,0.2704999999999997,0.29549999999999965,0.3204999999999997,0.3454999999999997,0.37049999999999966,0.3954999999999997,0.4204999999999997,0.4454999999999996,0.47049999999999964,0.49549999999999966,0.5205000000000005,0.5455000000000004,0.5705000000000124,0.5954999999979849,0.6205000002608138,0.6454999739757992,0.6705019654583104,0.6953913137004597,0.7246479093039462,0.6482697780982974,1.8005303244722481,1.8131461765146033,1.7178748300040165,1.6179977580071452,1.5179999705029197,1.4179999997057244,1.3179999999977343,1.2179999999999869,1.118000000000001,1.0180000000000011,0.9179999999999996,0.8180000000000981,0.7179999999856321,0.6180000016029664,0.5179998656576112,0.41800821139851013,0.3176530127278832,0.22714778699842475,0
0,0.02041588210135672,0.04520604460424373,0.07020011787996654,0.09520000169763801,0.1202000000186757,0.14520000000016012,0.17020000000000113,0.1952000000000001,0.22020000000000006,0.24520000000000008,0.27019999999999966,0.29519999999999963,0.32019999999999965,0.3451999999999997,0.37019999999999964,0.39519999999999966,0.4201999999999997,0.4451999999999996,0.4701999999999996,0.49519999999999964,0.5202000000000006,0.5452000000000004,0.5702000000000246,0.59519999999642,0.6202000004169469,0.6451999621846142,0.6702026174199625,0.6950664380373859,0.7249306385175591,0.6418144836072877,1.7935410660817503,1.8136421094814128,1.7190457205150613,1.6191970071641517,1.5191999570527281,1.4191999995287556,1.3191999999959687,1.2191999999999732,1.1192000000000009,1.0192000000000012,0.919199999999999,0.8192000000001843,0.7191999999760149,0.6192000024089346,0.5191998163988379,0.4192102925160885,0.3187981752742837,0.22905370507479206,0
0,0.02014464583373126,0.04490733918957207,0.06990015413740618,0.09490000240480576,0.11990000002886057,0.14490000000027217,0.16990000000000208,0.1949000000000001,0.21990000000000007,0.2449000000000001,0.26989999999999964,0.2948999999999996,0.31989999999999963,0.34489999999999965,0.3698999999999996,0.39489999999999964,0.41989999999999966,0.4448999999999996,0.4698999999999996,0.4948999999999996,0.5199000000000006,0.5449000000000002,0.569900000000046,0.5948999999939185,0.6199000006438178,0.6448999464825961,0.6699034185648458,0.6947380699108003,0.7252501502441397,0.6354028210419025,1.7865101003265056,1.814089081554813,1.7202123911289648,1.6203960817449257,1.5203999390985405,1.4203999992710963,1.3203999999931415,1.220399999999949,1.1204000000000007,1.0204000000000013,0.9203999999999979,0.8204000000003282,0.7203999999615625,0.6204000035103976,0.520399754658195,0.4204127023628358,0.3199391147989315,0.23096649412643777,0
0,0.01987520179859383,0.04460880613975002,0.06960019815811477,0.09460000332945703,0.11960000004328777,0.14460000000044532,0.16960000000000372,0.1946000000000001,0.21960000000000007,0.2446000000000001,0.2695999999999996,0.2945999999999996,0.3195999999999996,0.34459999999999963,0.3695999999999996,0.3945999999999996,0.41959999999999964,0.44459999999999955,0.4695999999999996,0.4945999999999996,0.5196000000000006,0.5445999999999999,0.5696000000000825,0.5945999999900559,0.6196000009648858,0.6445999259750699,0.6696043898242766,0.6944059895207245,0.7256061617373532,0.6290352613414083,1.7794379827634281,1.8144868678099981,1.721374549127824,1.6215949564571082,1.5215999155933835,1.4215999989057286,1.3215999999887684,1.2215999999999079,1.1216000000000004,1.0216000000000014,0.921599999999996,0.8216000000005588,0.7215999999405021,0.6216000049822178,0.5215996784650804,0.42161546620199136,0.3210757920483499,0.23288612881523135,0
0,0.019607548961755327,0.04431045616159289,0.06930025097497654,0.09430000451814599,0.11930000006326184,0.14430000000070503,0.1693000000000064,0.19430000000000014,0.21930000000000008,0.2443000000000001,0.2692999999999996,0.29429999999999956,0.3192999999999996,0.3442999999999996,0.3692999999999996,0.3942999999999996,0.4192999999999996,0.44429999999999953,0.46929999999999955,0.4942999999999996,0.5193000000000006,0.5442999999999993,0.5693000000001421,0.5942999999842671,0.6193000014089757,0.6442998996419135,0.6693055534430027,0.694069978889246,0.7259983861064291,0.6227122704152519,1.7723252731246166,1.8148352484118118,1.7225319005959414,1.6227936042583149,1.5227998853386917,1.4227999983993562,1.3227999999822033,1.2227999999998405,1.1227999999999998,1.0228000000000015,0.9227999999999926,0.8228000000009157,0.7227999999106121,0.6228000069110703,0.5227995856977617,0.4228186095204918,0.32220816807267044,0.23481258356752147,0
0,0.01934168622478577,0.04401229994951356,0.06900031368483722,0.09400000602361627,0.11900000009036649,0.14400000000108457,0.16900000000001061,0.19400000000000017,0.21900000000000008,0.2440000000000001,0.2689999999999996,0.29399999999999954,0.31899999999999956,0.3439999999999996,0.36899999999999955,0.3939999999999996,0.4189999999999996,0.4439999999999995,0.46899999999999953,0.49399999999999955,0.5190000000000007,0.5439999999999985,0.5690000000002365,0.5939999999758141,0.6190000020110298,0.6439998663297093,0.6690069329675187,0.6937298218932655,0.7264265323572731,0.6164343090931428,1.7651725352566372,1.8151340086469838,1.7236841504608624,1.6239919963498584,1.5239998469738454,1.4239999977114952,1.3239999999726004,1.2239999999997337,1.1239999999999988,1.0240000000000016,0.9239999999999872,0.824000000001452,0.7239999998691511,0.6240000093963474,0.5239994740821052,0.4240221580262423,0.32333620422838827,0.2367458325759575,0
0,0.019077612425088687,0.043714348184753254,0.0687003874483926,0.0937000079051831,0.11870000012650167,0.1437000000016267,0.16870000000001711,0.19370000000000023,0.2187000000000001,0.2437000000000001,0.26869999999999955,0.2936999999999995,0.31869999999999954,0.34369999999999956,0.36869999999999953,0.39369999999999955,0.4186999999999996,0.4436999999999995,0.4686999999999995,0.49369999999999953,0.5187000000000007,0.5436999999999971,0.5687000000003817,0.5936999999637493,0.6187000028129064,0.6436998247439704,0.6687085532341374,0.6933853042969269,0.7268903054340738,0.6102018330757466,1.7579803370593141,1.8153829389557585,1.7248310025346452,1.6251901021707804,1.5251997989656756,1.4251999967935027,1.325199999958871,1.2251999999995693,1.125199999999997,1.0252000000000017,0.9251999999999785,0.825200000002237,0.7251999998127817,0.6252000125510696,0.5251993411903259,0.4252261376453646,0.32445986218108996,0.23868584980132782,0
0,0.018815326335980168,0.04341661153461343,0.06840047349007003,0.09340001022911444,0.118400000173923,0.1434000000023856,0.16840000000002686,0.19340000000000032,0.2184000000000001,0.24340000000000012,0.26839999999999953,0.2933999999999995,0.3183999999999995,0.34339999999999954,0.3683999999999995,0.39339999999999953,0.41839999999999955,0.44339999999999946,0.4683999999999995,0.4933999999999995,0.5184000000000007,0.5433999999999948,0.5684000000005992,0.5933999999468742,0.618400003864225,0.643399773441443,0.6684104403568196,0.6930362137837273,0.7273894062614009,0.6040152928859952,1.750749250424034,1.8155818349629065,1.725972159555355,1.6263878893921941,1.5263997395979392,1.4263999955875435,1.3263999999396348,1.2263999999993225,1.1263999999999945,1.0264000000000018,0.926399999999965,0.8264000000033602,0.7263999997374887,0.6264000165028043,0.5263991844397601,0.42643057451942,0.3255791039081542,0.24063260897441435,0
0,0.018554826666772488,0.04311910065168889,0.06810057309790302,0.09310001306901132,0.11810000023528337,0.14310000000342896,0.16810000000004116,0.1931000000000005,0.2181000000000001,0.24310000000000012,0.2680999999999995,0.29309999999999947,0.3180999999999995,0.3430999999999995,0.3680999999999995,0.3930999999999995,0.4180999999999995,0.44309999999999944,0.46809999999999946,0.4930999999999995,0.5181000000000008,0.5430999999999911,0.568100000000918,0.5930999999236924,0.6181000052232576,0.6430997108224874,0.6681126217147659,0.6926823399882998,0.7279235317867873,0.5978751338210194,1.7434798511715726,1.8157304975081185,1.7271073232287792,1.6275853239119387,1.527599666960767,1.4275999940254933,1.327599999913164,1.2275999999989604,1.1275999999999904,1.0276000000000018,0.9275999999999449,0.827600000004935,0.7275999996384921,0.6276000213945907,0.5275990010916604,0.42763549500260967,0.3266938917014242,0.24258608359786327,0
0,0.018296112062862354,0.04282182617310211,0.06780068762339908,0.09280001650618704,0.11780000031367686,0.14280000000484042,0.16780000000006173,0.19280000000000075,0.2178000000000001,0.24280000000000013,0.2677999999999995,0.29279999999999945,0.31779999999999947,0.3427999999999995,0.36779999999999946,0.3927999999999995,0.4177999999999995,0.4427999999999994,0.46779999999999944,0.49279999999999946,0.5178000000000008,0.5427999999999856,0.5678000000013758,0.5927999998923584,0.6178000069578649,0.6427996351235383,0.6678151259397711,0.6923234745278676,0.7284923750237909,0.5917817959047107,1.73617271898945,1.8158287326757754,1.7282361942703564,1.6287823698495467,1.5287995789400857,1.428799992027779,1.3287999998773232,1.2287999999984394,1.128799999999984,1.0288000000000022,0.9287999999999154,0.8288000000071037,0.7287999995101542,0.6288000273858717,0.5287987882500123,0.4288409256589511,0.3278041881698527,0.2445462469480718,0
0,0.01803918110582374,0.04252479871973889,0.06750081848140058,0.09250002063004537,0.11750000041268495,0.1425000000067221,0.16750000000009077,0.19250000000000111,0.2175000000000001,0.24250000000000013,0.26749999999999946,0.2924999999999994,0.31749999999999945,0.34249999999999947,0.36749999999999944,0.39249999999999946,0.4174999999999995,0.4424999999999994,0.4674999999999994,0.49249999999999944,0.5175000000000008,0.5424999999999773,0.5675000000020215,0.5924999998506195,0.6175000091464777,0.6424995444096468,0.6675179829033451,0.6919594110333634,0.7290956250955298,0.5857357138409167,1.7288284373688236,1.81587635182409,1.7293584724473137,1.6299789895415284,1.5299994732070163,1.4299999895021556,1.3299999998294993,1.2299999999977034,1.1299999999999746,1.0300000000000025,0.9299999999998727,0.8300000000100423,0.7299999993458816,0.6300000346534326,0.5299985428603737,0.4300468932594321,0.32890995624211794,0.24651307207709092,0
0,0.017784032313505307,0.04222802889548543,0.06720096714993874,0.09220002553845766,0.11720000053642489,0.14220000000919766,0.1672000000001311,0.19220000000000165,0.21720000000000012,0.24220000000000014,0.26719999999999944,0.2921999999999994,0.3171999999999994,0.34219999999999945,0.3671999999999994,0.39219999999999944,0.41719999999999946,0.44219999999999937,0.4671999999999994,0.4921999999999994,0.517200000000001,0.5421999999999652,0.5672000000029176,0.5921999997957528,0.6172000118791235,0.6421994365671057,0.6672212237036028,0.6915899451802103,0.7297329672786845,0.5797373169672769,1.7214475935409246,1.815873171613619,1.730473856621009,1.6311751435369701,1.5311993472072525,1.4311999863424207,1.331199999766526,1.2311999999966805,1.1311999999999607,1.031200000000003,0.9311999999998125,0.8312000000139662,0.7311999991380213,0.6312000433923456,0.5311982617087377,0.4312534247791416,0.330011159169212,0.24848653181454364,0
0,0.017530664140132393,0.041931527286466826,0.06690113517008091,0.09190003133813875,0.11690000068960045,0.14190000001241543,0.1669000000001863,0.19190000000000243,0.21690000000000012,0.24190000000000014,0.2668999999999994,0.2918999999999994,0.3168999999999994,0.3418999999999994,0.3668999999999994,0.3918999999999994,0.41689999999999944,0.44189999999999935,0.46689999999999937,0.4918999999999994,0.5169000000000012,0.5418999999999476,0.5669000000041429,0.5918999997244956,0.6169000152584955,0.6418993092961588,0.6669248806519242,0.6912148747187599,0.7304040830479621,0.5737870292097035,1.7140307784130466,1.8158190140351385,1.7315820447894688,1.6323707905934526,1.5323991981504197,1.432399982427065,1.3323999996846005,1.23239999999528,1.1323999999999408,1.032400000000004,0.9323999999997288,0.8324000000191369,0.732399998877751,0.6324000538169213,0.532397941420417,0.4324605473943787,0.3311077605269996,0.2504665987695589,0
0,0.01727907497641359,0.04163530446028713,0.06660132414577087,0.09160003814502163,0.11660000087755479,0.1416000000165519,0.16660000000026076,0.19160000000000355,0.21660000000000013,0.24160000000000015,0.2665999999999994,0.29159999999999936,0.3165999999999994,0.3415999999999994,0.36659999999999937,0.3915999999999994,0.4165999999999994,0.4415999999999993,0.46659999999999935,0.49159999999999937,0.5166000000000015,0.5415999999999228,0.5666000000057956,0.5915999996329695,0.6166000194010655,0.6415991601037982,0.6666289872593887,0.6908339995043836,0.7311086501210164,0.567885269037513,1.706578586504094,1.81571370643688,1.732682734130119,1.6335658876732868,1.533599022999418,1.4335999776178598,1.3335999995791912,1.233599999993388,1.1335999999999125,1.0336000000000052,0.933599999999614,0.8336000000258688,0.7335999985549643,0.6336000661616653,0.5335975784589522,0.4336682884797392,0.3321997242187485,0.2524532453327209,0
0,0.017029263149651867,0.04133937096527099,0.06630153574366246,0.09130004608463092,0.1163000011063256,0.14130000002181567,0.16630000000036005,0.1913000000000051,0.21630000000000016,0.24130000000000015,0.26629999999999937,0.29129999999999934,0.31629999999999936,0.3412999999999994,0.36629999999999935,0.39129999999999937,0.4162999999999994,0.4412999999999993,0.4662999999999993,0.49129999999999935,0.516300000000002,0.5412999999998881,0.5663000000079973,0.5912999995165978,0.6163000244382405,0.6412989862966483,0.6663335782229852,0.6904471215272139,0.7318463425038176,0.5620324494192146,1.6990916158796978,1.815557081551124,1.7337756210427004,1.6347603899400711,1.5347988184597507,1.4347999717583813,1.334799999444938,1.2347999999908637,1.1347999999998728,1.034800000000007,0.9347999999994587,0.8348000000345367,0.7347999981581494,0.6348000806822414,0.5347971691250437,0.43487667560518045,0.3332870144776306,0.2544464436780334,0
0,0.01678122692386024,0.041043737329706925,0.0660017716929463,0.09100005529245495,0.11600000138270249,0.14100000002845145,0.16600000000049092,0.19100000000000728,0.2160000000000002,0.24100000000000016,0.26599999999999935,0.2909999999999993,0.31599999999999934,0.34099999999999936,0.3659999999999993,0.39099999999999935,0.41599999999999937,0.4409999999999993,0.4659999999999993,0.4909999999999993,0.5160000000000027,0.5409999999998402,0.566000000010897,0.5909999993700163,0.6160000305175602,0.6409987849739398,0.6660386894116018,0.6900540449415289,0.7326168305364656,0.5562289777789593,1.6915704680869064,1.815348977520146,1.7348604011923667,1.6359542507555689,1.5359985809688408,1.4359999646724702,1.3359999992755431,1.235999999987534,1.135999999999818,1.0360000000000096,0.9359999999992515,0.8360000000455845,0.7359999976742633,0.6360000976564399,0.535996709555506,0.4360857365330649,0.33436959586919346,0.25644616576489915,0
0,0.016534964499882,0.040748414061092406,0.06570203378516981,0.09070006591431641,0.1157000017142865,0.1407000000367447,0.1657000000006616,0.19070000000001022,0.21570000000000022,0.24070000000000016,0.2656999999999993,0.2906999999999993,0.3156999999999993,0.34069999999999934,0.3656999999999993,0.3906999999999993,0.41569999999999935,0.44069999999999926,0.4656999999999993,0.4906999999999993,0.5157000000000036,0.5406999999997748,0.5657000000146759,0.5906999991869764,0.6157000378039367,0.6406985530205755,0.6657443578517963,0.6896545760947798,0.733419780939441,0.5504752559536567,1.6840157480884592,1.815089237921513,1.7359367695529542,1.63714742167691,1.5371983066853394,1.4371999561626299,1.3371999990636527,1.2371999999831884,1.137199999999743,1.037200000000013,0.9371999999989781,0.8372000000595344,0.7371999970885982,0.6372001173851525,0.5371961957222463,0.4372954992151828,0.33544743329380244,0.25845238334011433,0
0,0.016290474015515446,0.04045341164538068,0.06540232387405047,0.09040007810674171,0.11540000210955194,0.14040000004702646,0.165400000000882,0.1904000000000142,0.21540000000000029,0.24040000000000017,0.2653999999999993,0.29039999999999927,0.3153999999999993,0.3403999999999993,0.3653999999999993,0.3903999999999993,0.4153999999999993,0.44039999999999924,0.46539999999999926,0.4903999999999993,0.515400000000005,0.5403999999996868,0.5654000000195527,0.5903999989602408,0.615400046480935,0.6403982871002883,0.6654506217133511,0.6892485235562539,0.7342548568602878,0.5447716801507625,1.676428064196652,1.8147777117927262,1.7370044204504218,1.6383398524541157,1.5383979914784252,1.43839994600836,1.3383999988007294,1.2383999999775719,1.1383999999996421,1.0384000000000175,0.9383999999986209,0.8384000000769967,0.7383999963846445,0.6384001401933506,0.5383956234312661,0.43850599178975347,0.3365204919890529,0.26046506793987717,0
0,0.01604775354564316,0.04015874054622947,0.0651026438752823,0.0901000920373287,0.11510000257791023,0.1401000000596785,0.1651000000011641,0.19010000000001948,0.21510000000000037,0.24010000000000017,0.26509999999999934,0.29009999999999925,0.31509999999999927,0.3400999999999993,0.36509999999999926,0.3900999999999993,0.4150999999999993,0.4400999999999992,0.46509999999999924,0.49009999999999926,0.5151000000000069,0.5400999999995695,0.5651000000257894,0.5900999986814724,0.6151000567520948,0.6400979836488938,0.6651575202946153,0.6888356981453723,0.7351217179207208,0.5391186409067443,1.6688080280068003,1.8144142536552035,1.7380630476064534,1.6395314910279477,1.5395976309170998,1.4395999339644263,1.339599998476914,1.2395999999703784,1.1395999999995075,1.0396000000000236,0.939599999998159,0.8396000000986805,0.7395999955439464,0.6396001664310709,0.5395949883216877,0.4397172425784068,0.33758873753215213,0.26248419089181146,0
0,0.015806801102365785,0.03986441120425163,0.0648029957663357,0.08980010788511293,0.11480000312977613,0.13980000007513896,0.16480000000152203,0.18980000000002645,0.2148000000000005,0.23980000000000018,0.26479999999999937,0.2897999999999992,0.31479999999999925,0.33979999999999927,0.36479999999999924,0.38979999999999926,0.4147999999999993,0.4397999999999992,0.4647999999999992,0.48979999999999924,0.5148000000000095,0.5397999999994147,0.564800000033698,0.5897999983411146,0.6148000688422902,0.6397976388676387,0.6648650940076364,0.6884159129596157,0.7360200202641526,0.5335165230462279,1.6611562543303096,1.8139987235376056,1.739112344182217,1.640722283528084,1.5407972202594808,1.4407999197590675,1.3407999980808782,1.240799999961243,1.1407999999993297,1.0408000000000317,0.940799999997567,0.8408000001254058,0.740799994545952,0.6408001964744044,0.5407942858648037,0.44092928008314397,0.3386521358422717,0.2645097233170044,0
0,0.015567614635140274,0.03957043403626781,0.06450338158625053,0.08950012584093228,0.11450000377663598,0.13950000009390848,0.1645000000019727,0.18950000000003558,0.21450000000000063,0.23950000000000018,0.2644999999999994,0.2894999999999992,0.3144999999999992,0.33949999999999925,0.3644999999999992,0.38949999999999924,0.41449999999999926,0.43949999999999917,0.4644999999999992,0.48949999999999916,0.514500000000013,0.5394999999992126,0.5645000000436479,0.5894999979282631,0.6145000829991311,0.6394972487166467,0.6645733843630846,0.6879889834020766,0.7369494166036329,0.527965705641831,1.6534733611273613,1.8135309869984941,1.7401520028222741,1.6419121742716203,1.541996754442095,1.441999903092139,1.3419999975996653,1.2419999999497322,1.1419999999990968,1.0420000000000422,0.9419999999968148,0.8420000001581155,0.741999993367858,0.6420002307264914,0.5419935113631513,0.44214213298327915,0.3397106531828686,0.266541636132058,0
0,0.015330192030922667,0.03927681943456115,0.06420380343542255,0.08920014610778997,0.11420000453111813,0.13920000011655645,0.16420000000253596,0.1892000000000474,0.21420000000000083,0.2392000000000002,0.26419999999999944,0.2891999999999992,0.3141999999999992,0.3391999999999992,0.3641999999999992,0.3891999999999992,0.41419999999999924,0.43919999999999915,0.46419999999999917,0.4891999999999991,0.5142000000000176,0.5391999999989509,0.5642000000560735,0.5891999974305302,0.6142000994944008,0.639196808908463,0.664282433954972,0.6875547272086333,0.7379095562701944,0.5224665619746887,1.6457599694392213,1.8130109151483247,1.7411817156986353,1.6431011057619014,1.5431962280691718,1.4431998836331936,1.3431999970185198,1.2431999999353356,1.143199999998795,1.0432000000000559,0.9431999999958663,0.8432000001978892,0.7431999919844477,0.6432002696185196,0.5431926599496106,0.44335583013236085,0.34076425616397593,0.26857990005115523,0
0,0.0150945311143153,0.03898357776613415,0.06390426347538318,0.0889001689012158,0.11390000540706553,0.13890000014372794,0.163900000003235,0.18890000000006263,0.21390000000000112,0.2389000000000002,0.26389999999999947,0.28889999999999916,0.3138999999999992,0.3388999999999992,0.36389999999999917,0.3888999999999992,0.4138999999999992,0.4388999999999991,0.46389999999999915,0.48889999999999895,0.5139000000000239,0.5388999999986145,0.563900000071484,0.5888999968339003,0.6139001186255332,0.6388963149016995,0.6639922864451709,0.687112964474742,0.738900085261598,0.5170194594956745,1.6380167033201796,1.8124383846707681,1.742201174554954,1.6442890186876782,1.5443956354019441,1.4443998610194975,1.344399996320707,1.244399999917454,1.1443999999984067,1.0444000000000735,0.9443999999946794,0.8444000002459577,0.7443999903679239,0.6444003136107287,0.5443917265865276,0.4445704005550747,0.34181291174446315,0.27062448558813906,0
0,0.014860629647718495,0.03869071937196774,0.06360476392857269,0.0886001944496257,0.11360000641961046,0.13860000017615093,0.163600000004097,0.18860000000008204,0.21360000000000148,0.2386000000000002,0.2635999999999995,0.28859999999999914,0.31359999999999916,0.3385999999999992,0.36359999999999915,0.38859999999999917,0.4135999999999992,0.4385999999999991,0.4635999999999991,0.4885999999999988,0.5136000000000323,0.5385999999981858,0.5636000000904723,0.588599996122576,0.6136001407171264,0.6385957618947817,0.6637029865477327,0.6866635176818434,0.7399206462914724,0.511624759787323,1.630244189769129,1.8118132778433595,1.7432100707508524,1.6454758519225963,1.5455949703479532,1.445599834853985,1.3455999954873192,1.2455999998953877,1.145599999997911,1.0456000000000958,0.9455999999932041,0.8456000003037183,0.7455999884877353,0.6456003631934171,0.5455907060648615,0.44578587344412707,0.34285658723426476,0.27267536305860585,0
0,0.014628485331486689,0.03839825456628262,0.06330530707810673,0.08830022299467948,0.11330000758525131,0.138300000214644,0.1633000000051534,0.1883000000001066,0.213300000000002,0.2383000000000002,0.26329999999999953,0.2882999999999991,0.31329999999999913,0.33829999999999916,0.3632999999999991,0.38829999999999915,0.41329999999999917,0.4382999999999991,0.4632999999999991,0.4882999999999986,0.5133000000000432,0.5382999999976431,0.5633000001137259,0.588299995278816,0.6133001661224932,0.6382951448197981,0.6634145800130103,0.686206211723381,0.7409708788388395,0.5062828185264571,1.622443058660793,1.8111354825574693,1.744208095306377,1.6466615425250137,1.546794226450365,1.4467998047031487,1.3467999944970708,1.2467999998683241,1.1467999999972827,1.046800000000124,0.9467999999913823,0.846800000372751,0.7467999863103971,0.6468004188879544,0.5467895930033573,0.44700227815711063,0.3438952502965779,0.27473250258201143,0
0,0.014398095804088993,0.0381061936358029,0.06300589526753635,0.0880002547916366,0.11300000892193153,0.1380000002601246,0.16300000000644063,0.1880000000001375,0.21300000000000263,0.2380000000000002,0.26299999999999957,0.2879999999999991,0.3129999999999991,0.33799999999999913,0.3629999999999991,0.3879999999999991,0.41299999999999915,0.43799999999999906,0.4629999999999991,0.4879999999999984,0.5130000000000573,0.537999999996961,0.5630000001420389,0.5879999942827634,0.6130001952252473,0.637994458336455,0.6631271136115888,0.685740873930426,0.7420504191980211,0.5009939854475254,1.6146139426766069,1.8104048923375957,1.7451949389465717,1.6478460257381498,1.547993396877296,1.4479997700948686,1.3479999933260798,1.2479999998353228,1.1479999999964918,1.0480000000001595,0.9479999999891465,0.8480000004548369,0.7479999837993059,0.6480004812477966,0.5479883818477423,0.4482196442133513,0.3449288689500285,0.2767958740837909,0
0,0.014169458642274176,0.03781454683902222,0.06270653090060134,0.08770029010971023,0.1127000104491206,0.13770000031361754,0.16270000000800056,0.18770000000017614,0.21270000000000344,0.23770000000000022,0.2626999999999996,0.28769999999999907,0.3126999999999991,0.3376999999999991,0.3626999999999991,0.3876999999999991,0.4126999999999991,0.43769999999999903,0.46269999999999906,0.487699999999998,0.5127000000000755,0.5376999999961092,0.562700000176324,0.5876999931122642,0.6127002284409251,0.6376936968261369,0.662840635118025,0.6852673340969074,0.7431589005289184,0.49575860430665386,1.6067574772352664,1.809621406359976,1.7461702921461684,1.6490292349905653,1.5491924744111558,1.449199730516176,1.349199991947637,1.2491999997953003,1.1491999999955027,1.0492000000002035,0.9491999999864185,0.849200000551976,0.7491999809145481,0.649200550859506,0.549187066869949,0.4494380012907376,0.34595741157080584,0.2788654472974911,0
0,0.013942571361240042,0.03752332440547226,0.062407216440977215,0.08740032923241911,0.11240001218789716,0.13740000037626426,0.1624000000098812,0.18740000000022414,0.2124000000000045,0.23740000000000025,0.26239999999999963,0.28739999999999905,0.31239999999999907,0.3373999999999991,0.36239999999999906,0.3873999999999991,0.4123999999999991,0.437399999999999,0.4623999999999991,0.48739999999999756,0.5124000000000989,0.5373999999950517,0.5624000002176271,0.5873999917426765,0.6124002662186419,0.6373928543860743,0.6625551932944004,0.684785424504442,0.7442959529076599,0.49057701284641575,1.5988743004229464,1.8087849294705107,1.7471338451743847,1.6502111018969754,1.5503914514380022,1.450399685410957,1.3503999903319621,1.250399999747013,1.1503999999942733,1.050400000000258,0.9503999999831079,0.8504000006664072,0.7503999776127029,0.6504006283437737,0.5503856421673616,0.45065737922253246,0.3469808468947653,0.2809411917669159,0
0,0.013717431414807208,0.03723253653499383,0.06210795441201553,0.08710037245793759,0.11210001416103409,0.13710000044933235,0.16210000001213742,0.1871000000002834,0.21210000000000584,0.23710000000000028,0.26209999999999967,0.287099999999999,0.31209999999999904,0.33709999999999907,0.36209999999999903,0.38709999999999906,0.4120999999999991,0.437099999999999,0.4620999999999991,0.487099999999997,0.5121000000001286,0.5370999999937466,0.5621000002671414,0.5870999901466705,0.6121003090427815,0.6370919248236198,0.6622708378736901,0.6842949799467625,0.7454612033776081,0.485449542761324,1.5909650529232018,1.8078953722020021,1.7480852881398259,1.6513915562593937,1.5515903199369183,1.4515996341775934,1.3515999884459458,1.2515999996890392,1.151599999992754,1.051600000000325,0.9515999999791109,0.8516000008006296,0.7515999738466388,0.6516007143564457,0.551584101662089,0.45187780799416805,0.34799914401949905,0.2830230768482845,0
0,0.013494036195597246,0.03694219339701058,0.06180874739647787,0.08680042009944347,0.11180001639308572,0.13680000053422572,0.16180000001483172,0.18680000000035618,0.21180000000000754,0.23680000000000032,0.2617999999999997,0.286799999999999,0.311799999999999,0.33679999999999904,0.361799999999999,0.38679999999999903,0.41179999999999906,0.43679999999999897,0.46179999999999916,0.4867999999999962,0.511800000000166,0.5367999999921444,0.5618000003262238,0.5867999882940166,0.6118003574347197,0.6367909016506343,0.6619876195429513,0.683795837753739,0.7466542760007208,0.4803765196640504,1.5830303779465578,1.8069526507907023,1.7490243110354815,1.6525705260686112,1.552789071469409,1.4527995761665393,1.352799986252877,1.2527999996197583,1.1527999999908862,1.0528000000004067,0.9527999999743091,0.8528000009574244,0.7527999695653039,0.652800809589553,0.5527824391002627,0.4530993177400236,0.34901227240637434,0.28511107171240146,0
0,0.013272383035215182,0.0366523051298053,0.06150959803626327,0.08650047248546382,0.11150001891047702,0.13650000063249526,0.16150000001803494,0.18650000000044512,0.21150000000000968,0.23650000000000038,0.26149999999999973,0.286499999999999,0.311499999999999,0.336499999999999,0.361499999999999,0.386499999999999,0.41149999999999903,0.43649999999999894,0.4614999999999992,0.48649999999999516,0.5115000000002131,0.536499999990188,0.5615000003964126,0.5864999861513656,0.61150041195458,0.6364897780779849,0.6617055899263327,0.6832878378149924,0.7478747919092589,0.4753582630523754,1.5750709211597977,1.8059566871921688,1.749950603783814,1.6537479375060076,1.5539876971688216,1.4539995106778385,1.3539999837121577,1.2539999995373303,1.1539999999886024,1.0540000000005063,0.953999999968567,0.8540000011398784,0.7539999647135112,0.6540009147723432,0.5539806480513598,0.45432193874018695,0.35002020188254007,0.2872051453468397,0
0,0.01305246920443635,0.036362881839799015,0.061210509032129316,0.08620052996021853,0.11120002174159484,0.13620000074584993,0.16120000002182724,0.18620000000055326,0.21120000000001235,0.23620000000000044,0.26119999999999977,0.28619999999999896,0.311199999999999,0.336199999999999,0.36119999999999897,0.386199999999999,0.411199999999999,0.4361999999999989,0.4611999999999992,0.48619999999999386,0.511200000000272,0.5361999999878109,0.5612000004794455,0.5861999836820165,0.6112004732030203,0.6361885470101544,0.6614248015679106,0.6827708226030949,0.7491223693578346,0.47039508627687215,1.567087330614959,1.8049074090964248,1.750863856281931,1.6549237149456975,1.5551861877297906,1.4551994369585786,1.3551999807790007,1.2551999994396716,1.1551999999858233,1.0552000000006265,0.9551999999617308,0.8552000013514087,0.7551999592317163,0.6552010306723162,0.5551787219075528,0.45554570141719986,0.35102290264290015,0.28930526655813493,0
0,0.012834291913397557,0.03607393360083286,0.0609114831434068,0.08590059288396173,0.11090002491688104,0.13590000087616852,0.16090000002629903,0.18590000000068416,0.21090000000001566,0.23590000000000053,0.2608999999999998,0.28589999999999893,0.31089999999999895,0.335899999999999,0.36089999999999894,0.38589999999999897,0.410899999999999,0.4358999999999989,0.46089999999999925,0.4858999999999922,0.5109000000003451,0.5358999999849359,0.5609000005772803,0.5858999808456751,0.6109005418230514,0.635887201039965,0.661145307914353,0.6822446371963553,0.750396623775792,0.4654872965093294,1.5590802566780417,1.803804749942423,1.7517637584468353,1.6560977809570103,1.5563845333977133,1.4563993542002833,1.3563999774041142,1.2563999993244308,1.1563999999824577,1.0564000000007712,0.9563999999536261,0.8564000015957888,0.7563999530557909,0.6564011580962611,0.5563766538830835,0.45677063633278775,0.35202034525205456,0.29141140397399234,0
0,0.01261784831179256,0.0357854704534528,0.06061252318770803,0.08560066163332089,0.1106000284689278,0.135600001025512,0.16060000003155195,0.18560000000084187,0.21060000000001977,0.23560000000000061,0.26059999999999983,0.2855999999999989,0.31059999999999893,0.33559999999999895,0.3605999999999989,0.38559999999999894,0.41059999999999897,0.4355999999999989,0.4605999999999993,0.48559999999999015,0.5106000000004354,0.5355999999814742,0.5606000006921159,0.5855999775982005,0.6106006185018857,0.6355857324434172,0.6608671632974147,0.6817091293011867,0.7516971678199141,0.4606351947119159,1.5510503519574432,1.8026486489318103,1.7526500002607477,1.657270056307305,1.5575827239582536,1.457599261536245,1.3575999735333693,1.2575999991889608,1.1575999999783997,1.0576000000009442,0.957599999944056,0.8576000018771758,0.757599946116788,0.6576012978912973,0.5575744370136644,0.4579967741845739,0.3530125006462073,0.2935235260455047,0
0,0.012403135489071843,0.03549750240419731,0.060313632040628826,0.08530073660163358,0.11030003243257465,0.13530000119613625,0.16030000003769998,0.18530000000103106,0.21030000000002483,0.23530000000000073,0.26029999999999986,0.28529999999999894,0.3102999999999989,0.33529999999999893,0.3602999999999989,0.3852999999999989,0.41029999999999894,0.43529999999999885,0.4602999999999993,0.4852999999999875,0.5103000000005464,0.5352999999773241,0.5603000008264155,0.5852999738913419,0.6103007039728144,0.635284133174644,0.660590422916268,0.6811641492740517,0.7530236114274498,0.4558390756070907,1.542998271232124,1.8014390510419904,1.7535222718164947,1.6584404599651201,1.5587807487268799,1.4587991580387942,1.358799969107453,1.2587999990302907,1.158799999973528,1.0588000000011504,0.9587999999327986,0.8588000022001394,0.7587999383407034,0.658801450945916,0.5587720641559047,0.45922414580277865,0.35399934013504175,0.2956416010493819,0
0,0.012190150474646659,0.035210039424887964,0.060014812635444205,0.0850008181992819,0.11000003684500763,0.1350000013905055,0.1600000000448706,0.1850000000012571,0.21000000000003102,0.23500000000000087,0.2599999999999999,0.284999999999999,0.3099999999999989,0.3349999999999989,0.3599999999999989,0.3849999999999989,0.4099999999999989,0.43499999999999883,0.4599999999999994,0.4849999999999842,0.5100000000006825,0.5349999999723689,0.5600000009829315,0.5849999696724635,0.6100007990171147,0.6349823948609833,0.6603151428196715,0.6806095501429845,0.7543755618694515,0.45109922764826266,1.5349246713795146,1.8001759070384842,1.754380263362956,1.6596089091036579,1.5599785965384378,1.4599990427165108,1.3599999640615041,1.2599999988450943,1.1599999999677026,1.0600000000013947,0.9599999999196047,0.860000002569692,0.7599999296482287,0.6600016181910248,0.5599695279867636,0.4604527821469038,0.3549808354035621,0.2977655970901922,0
0,0.01197889023809733,0.034923091451923176,0.05971606796279784,0.08470090685402452,0.10970004174586029,0.13470000161130632,0.15970000005320611,0.18470000000152614,0.20970000000003855,0.23470000000000107,0.25969999999999993,0.284699999999999,0.30969999999999887,0.3346999999999989,0.35969999999999885,0.3846999999999989,0.4096999999999989,0.4346999999999988,0.4596999999999995,0.48469999999998015,0.5097000000008481,0.5346999999664754,0.5597000011647308,0.5846999648842583,0.6097009044659836,0.634680508798168,0.6600413798879795,0.6800451876286858,0.7557526238044199,0.4464159329912023,1.5268302113031733,1.7988591734865835,1.7552236653505648,1.660775319104605,1.5611762557367608,1.4611989145113724,1.3611999583247327,1.2611999986296571,1.161199999960765,1.0612000000016832,0.9611999999041949,0.8612000029913203,0.7611999199545008,0.6612018006009935,0.5611668210030283,0.46168271430240304,0.3559569585139024,0.2998954821026136,0
0,0.011769351689385792,0.03463666838557497,0.059417401070385234,0.08440100301132615,0.10940004717731659,0.13440000186146225,0.15940000006286478,0.18440000000184514,0.2094000000000477,0.2344000000000013,0.25939999999999996,0.28439999999999904,0.30939999999999884,0.33439999999999886,0.35939999999999883,0.38439999999999885,0.4093999999999989,0.4343999999999988,0.4593999999999996,0.4843999999999751,0.5094000000010491,0.5343999999594922,0.5594000013752242,0.5843999594644508,0.6094010212025002,0.634378465945636,0.6597691918149964,0.6794709201651872,0.7571543993322448,0.4417894674662098,1.5187155518602011,1.7974888127622992,1.7560521684768566,1.661939603562288,1.5623737141643201,1.4623987722958445,1.362399951820023,1.2623999983798408,1.1623999999525327,1.0624000000020226,0.9623999998862571,0.8624000034710184,0.7623999091688427,0.6624019991947023,0.5623639355208199,0.4629139734773378,0.35692768190710117,0.302031223853697,0
0,0.011561531679072342,0.034350780089288976,0.059118815062630725,0.08410110713468456,0.10910005318421577,0.13410000214414897,0.15910000007402247,0.18410000000222204,0.20910000000005874,0.23410000000000158,0.2591,0.2840999999999991,0.3090999999999988,0.33409999999999884,0.3590999999999988,0.38409999999999883,0.40909999999999885,0.43409999999999876,0.45909999999999973,0.4840999999999688,0.5091000000012921,0.5340999999512471,0.5591000016181944,0.5840999533454871,0.6091011501636131,0.634076256921961,0.659498637089679,0.6788866089200837,0.7585804880484387,0.43722010055104205,1.5105813557884247,1.7960647930625993,1.7568654637320567,1.6631016742881632,1.563570959151919,1.4635986148699103,1.363599944463519,1.2635999980910457,1.1635999999427997,1.0636000000024202,0.9635999998654432,0.8636000040153229,0.7635998971945006,0.6636022150365904,0.563560863675124,0.4641465909990201,0.357892978404843,0.30417278994513963,0
0,0.011355426998536608,0.034065436388987624,0.05882031310035835,0.08380121970595505,0.10880005981415898,0.13380000246281012,0.15880000008687403,0.18380000000266583,0.20880000000007207,0.23380000000000195,0.25880000000000003,0.2837999999999991,0.3087999999999988,0.3337999999999988,0.3587999999999988,0.3837999999999988,0.40879999999999883,0.43379999999999874,0.45879999999999993,0.48379999999996104,0.5088000000015844,0.5337999999415457,0.558800001897829,0.5837999464542146,0.6088012923421543,0.6337738720004046,0.6592297749776903,0.6782921178143311,0.760030487098653,0.43270809534460214,1.5024282876333552,1.7945870884149375,1.7576632424447032,1.664261441315644,1.5647679775084284,1.4647984409580406,1.364799936164192,1.26479999775817,1.1647999999313314,1.0648000000028843,0.9647999998413658,0.8648000046313485,0.7647998839283731,0.6648024492377067,0.5647575974193495,0.4653805983106418,0.3588528212111663,0.3063201478155687,0
0,0.011151034380202682,0.03378064707237669,0.058521898400456546,0.08350134122567225,0.10850006711761785,0.13350000282117383,0.1585000001016349,0.18350000000318664,0.20850000000008806,0.23350000000000237,0.25850000000000006,0.28349999999999914,0.3084999999999988,0.3334999999999988,0.35849999999999876,0.3834999999999988,0.4084999999999988,0.4334999999999987,0.45850000000000013,0.4834999999999515,0.508500000001935,0.5334999999301683,0.558500002218753,0.5834999387115487,0.6085014487888771,0.6334713011045914,0.6589626655028068,0.6776873135416053,0.7615039912334713,0.42825370854139394,1.4942570136749331,1.7930556786860694,1.758445196327299,1.6654188129052616,1.565964755510574,1.4659982492061059,1.3659999268233913,1.2659999973755673,1.1659999999178632,1.0660000000034242,0.965999999813595,0.8660000053268265,0.7659998692607349,0.6660027029567609,0.5659541285249119,0.46661602696789095,0.35980718391413674,0.3084732647428357,0
0,0.010948350497768423,0.03349642188825517,0.05822357423553677,0.08320147221336928,0.10820007514804485,0.13320000322326972,0.15820000011854282,0.1832000000037959,0.20820000000010716,0.2332000000000029,0.2582000000000001,0.2831999999999992,0.30819999999999875,0.3331999999999988,0.35819999999999874,0.38319999999999876,0.4081999999999988,0.4331999999999987,0.45820000000000044,0.4831999999999399,0.5082000000023537,0.5331999999168674,0.5582000025860647,0.583199930032128,0.6082016206145189,0.6331685338043078,0.6586973694281847,0.6770720655872213,0.7630005928634727,0.4238571904067452,1.4860682018540652,1.7914705495901553,1.7592110175219837,1.666573695550162,1.567161278892769,1.467198038178229,1.3671999163343747,1.2671999969370005,1.167199999902096,1.0672000000040498,0.9671999997816546,0.8672000061101437,0.7671998530749553,0.6672029774011758,0.5671504485808451,0.4678529086355556,0.36075604048748705,0.3106321078463205,0
0,0.010747371966438891,0.03321277054582856,0.05792534393358609,0.08290161320789423,0.10790008396198544,0.13290000367344673,0.15790000013785965,0.1829000000045065,0.20790000000012993,0.23290000000000355,0.25790000000000013,0.2828999999999992,0.30789999999999873,0.33289999999999875,0.3578999999999987,0.38289999999999874,0.40789999999999876,0.4328999999999987,0.4579000000000008,0.4828999999999258,0.5079000000028521,0.5328999999013652,0.5579000030053731,0.5828999203239573,0.6079018089918858,0.6328655593114259,0.6584339482374872,0.6764462462466097,0.7645198821145556,0.41951878475280163,1.4778625216989647,1.7898316926961477,1.7599603986462238,1.6677259939819373,1.5683575328370005,1.4683978063535794,1.368399904581822,1.268399996435594,1.1683999998836938,1.0684000000047724,0.968399999745018,0.8684000069903839,0.7683998352472091,0.6684032738281405,0.5683465489934388,0.46909127508411574,0.36169936529222246,0.3127966440892454,0
0,0.01054809534316392,0.03292970271402568,0.057627210877613695,0.08260176476772384,0.10760009361919212,0.13260000417639148,0.1576000001598733,0.18260000000533289,0.20760000000015694,0.23260000000000433,0.25760000000000016,0.28259999999999924,0.3075999999999987,0.33259999999999873,0.3575999999999987,0.3825999999999987,0.40759999999999874,0.43259999999999865,0.45760000000000123,0.48259999999990866,0.5076000000034434,0.53259999988335,0.5576000034828376,0.5825999094880382,0.607602015157961,0.6325623664759522,0.6581724641158762,0.6758097306433473,0.7660614468835184,0.4152387289152952,1.4696406442513046,1.7881391054344642,1.760693032838509,1.6688756111767926,1.5695535019627707,1.4695975521231104,1.3695998914413299,1.269599995863783,1.1695999998622788,1.0696000000056045,0.9695999997031043,0.8696000079773707,0.7695998156461826,0.6696035935456631,0.569542420985903,0.47033115818632304,0.3626371330781917,0.31496684028099875,0
0,0.010350517126879765,0.03264722802081898,0.057329178505291505,0.08230192747127436,0.10730010418274012,0.1323000047371474,0.15730000018489965,0.18230000000629118,0.20730000000018892,0.23230000000000528,0.2573000000000002,0.2822999999999993,0.3072999999999987,0.3322999999999987,0.3572999999999987,0.3822999999999987,0.4072999999999987,0.43229999999999863,0.45730000000000176,0.482299999999888,0.5073000000041428,0.5322999998624737,0.5573000040252094,0.5822998974179875,0.6073022404160335,0.6322589437822047,0.6579129799308718,0.6751623967467414,0.7676248728938867,0.41101725373108844,1.4614032419921896,1.786392791102941,1.7614086138040552,1.670022448362047,1.5707491703170928,1.470797273786239,1.3707998767788858,1.2707999952132571,1.1707999998374279,1.0708000000065596,0.9707999996552736,0.8708000090817122,0.7707997941327729,0.6708039379136248,0.570738055598059,0.4715725899137693,0.3635693189856236,0.3171426630794679,0
0,0.010154633758754852,0.032365356052548505,0.05703125030858877,0.08200210191720968,0.10700011571914489,0.13200000536113443,0.15700000021328478,0.18200000000739944,0.20700000000022664,0.23200000000000642,0.25700000000000023,0.2819999999999993,0.30699999999999866,0.3319999999999987,0.35699999999999865,0.3819999999999987,0.4069999999999987,0.4319999999999986,0.4570000000000024,0.48199999999986315,0.5070000000049673,0.5319999998383472,0.5570000046398763,0.5819998839996425,0.6070024861378482,0.6319552793451156,0.6576555592130846,0.6745041253889633,0.7692097437519806,0.4068545835164986,1.4531509887679586,1.7845927588720698,1.7621068358605005,1.6711664050229686,1.5719445213645478,1.4719969695474682,1.3719998604503236,1.2719999944749059,1.171999999808668,1.0720000000076526,0.9719999996008227,0.8720000103148472,0.7719997705597814,0.672004308344833,0.5719334436860581,0.47281560233344394,0.36449589854662945,0.31932407899338167,0
0,0.00996044162243956,0.0320840963532495,0.0567334298334008,0.08170228872474634,0.10670012829848134,0.1317000060541696,0.1567000002454072,0.18170000000867778,0.206700000000271,0.2317000000000078,0.25670000000000026,0.28169999999999934,0.30669999999999864,0.33169999999999866,0.35669999999999863,0.38169999999999865,0.4066999999999987,0.4316999999999986,0.4567000000000032,0.4816999999998334,0.5067000000059364,0.5316999998105377,0.5567000053349085,0.5816998691106547,0.6067027537657754,0.6316513609066642,0.6574002661368216,0.6738348002817299,0.7708156410032154,0.4027509360464027,1.444884559715825,1.7827390237895147,1.7627873939835952,1.6723073789099443,1.5731395379774007,1.4731966375129535,1.373199842300759,1.2731999936387557,1.1731999997754716,1.0732000000088997,0.9731999995389795,0.8732000116890934,0.7731997447716015,0.6732047063060754,0.5731285759221265,0.4740602276042805,0.3654168476866698,0.32151105438466143,0
0,0.009767937044320064,0.03180345842398373,0.05643572067917182,0.08140248853395586,0.1064001419945048,0.13140000682248804,0.15640000028168016,0.1814000000101486,0.20640000000032302,0.2314000000000094,0.2564000000000003,0.2813999999999994,0.3063999999999986,0.33139999999999864,0.3563999999999986,0.38139999999999863,0.40639999999999865,0.43139999999999856,0.4564000000000042,0.48139999999979777,0.5064000000070722,0.5313999997785639,0.5564000061191078,0.5813998526200695,0.6064030448149994,0.6313471758324379,0.6571471655005712,0.6731543080325315,0.7724421441886273,0.3987065225341271,1.4366046311893663,1.780831606783908,1.7634499838528725,1.6734452660459815,1.5743342024257827,1.4743962756870133,1.3743998221640041,1.2743999926939074,1.1743999997372507,1.0744000000103187,0.9743999994688983,0.8744000132176977,0.7743997166038996,0.6744051333191723,0.5743234427943373,0.47530649797369323,0.3663321427259875,0.32370355547078145,0
0,0.009577116293776161,0.03152345172217462,0.056138126498511985,0.08110270200606386,0.1061001568847736,0.13110000767276497,0.1561000003225542,0.18110000001183676,0.20610000000038387,0.23110000000001135,0.2561000000000003,0.2810999999999994,0.3060999999999986,0.3310999999999986,0.3560999999999986,0.3810999999999986,0.40609999999999863,0.43109999999999854,0.4561000000000054,0.48109999999975533,0.5061000000083996,0.5310999997418917,0.5561000070020587,0.5810998343878941,0.6061033608757251,0.6310427111083245,0.6568963227073706,0.6724625381604031,0.7740888309016177,0.39472154761212264,1.4283118806838677,1.778870534667927,1.7640943018973,1.6745799607345442,1.5755284963679366,1.475595881968584,1.3755997998619627,1.275599991628468,1.1755999996933522,1.0756000000119288,0.975599999389654,0.8756000149148877,0.7755996858832908,0.6756055909620297,0.5755180346064102,0.47655444577410333,0.367241760381005,0.32590154832713736,0
0,0.009387975583443113,0.031244085660946205,0.05584065099680865,0.08080292982374629,0.1058001730507734,0.13080000861213828,0.15580000036851976,0.18080000001376978,0.2058000000004548,0.23080000000001366,0.2558000000000004,0.28079999999999944,0.3057999999999986,0.3307999999999986,0.35579999999999856,0.3807999999999986,0.4057999999999986,0.4307999999999985,0.45580000000000687,0.48079999999970496,0.5058000000099467,0.5307999996999297,0.5558000079941827,0.5807998142646521,0.6058037036154026,0.6307379533373346,0.6566478037450582,0.6717593831112376,0.7757552768449074,0.3907962093134291,1.4200069867615328,1.7768558401406465,1.7647200453409004,1.6757113555677203,1.5767224008405323,1.4767954541476198,1.3767997752040033,1.2767999904294796,1.1767999996430514,1.076800000013751,0.9767999993002363,0.8768000167959259,0.7767996524270079,0.676806080869691,0.5767123414775377,0.4778041034194558,0.3681456777656868,0.3281049988894234,0
0,0.009200511069477436,0.030965369608466013,0.055543297931831846,0.0805031726914225,0.10550019057804305,0.1305000096482318,0.15550000042010997,0.18050000001597816,0.20550000000053736,0.2305000000000164,0.2555000000000005,0.28049999999999947,0.30549999999999855,0.3304999999999986,0.35549999999999854,0.38049999999999856,0.4054999999999986,0.4304999999999985,0.4555000000000086,0.4804999999996453,0.5055000000117454,0.5304999996520243,0.5555000091067944,0.5804997920909248,0.6055040747809665,0.6304328887365567,0.6564016751664148,0.6710447382726386,0.7774410558876943,0.38693069905392935,1.4116906289765696,1.7747875617891702,1.765326912248338,1.6768393414347225,1.577915896249053,1.477994989901439,1.3779997479863122,1.2779999890828453,1.1779999995855457,1.0780000000158079,0.9779999991995433,0.8780000188771653,0.7779996160425653,0.6780066047353878,0.577906353342239,0.47905550340172687,0.369043872392867,0.33031387295601755,0
0,0.00901471885182664,0.030687312887291887,0.05524607111333411,0.08020343133554524,0.1052002095563022,0.1302000107891794,0.1552000004779035,0.1802000000184956,0.20520000000063313,0.2302000000000196,0.2552000000000006,0.2801999999999995,0.3051999999999986,0.33019999999999855,0.3551999999999985,0.38019999999999854,0.40519999999999856,0.4301999999999984,0.45520000000001076,0.4801999999995749,0.5052000000138311,0.530199999597454,0.555200010352161,0.5801997676968798,0.6052044762010926,0.630127503134244,0.6561580040691983,0.6703185019883109,0.7791457401230065,0.3831252016153961,1.4033634878001582,1.7726657440895395,1.7659146015704645,1.6779638075307182,1.5791089623582526,1.4791944867910156,1.3791997179912237,1.2791999875732498,1.1791999995199478,1.0792000000181239,0.9791999990863751,0.8792000211761072,0.779199576527416,0.6792071643115897,0.579100059950241,0.4803086782874231,0.3699363221755413,0.33252813619037475,0
0,0.008830594974502889,0.03040992477372284,0.05494897440264459,0.07990370650488743,0.1049002300795804,0.1299000120436498,0.1549000005425276,0.17990000002135922,0.204900000000744,0.22990000000002342,0.25490000000000074,0.27989999999999954,0.3048999999999986,0.3298999999999985,0.3548999999999985,0.3798999999999985,0.40489999999999854,0.42989999999999834,0.4549000000000133,0.479899999999492,0.5049000000162439,0.529899999535424,0.5549000117435645,0.5798997409017862,0.6049049097884684,0.6298217819670354,0.6559168580760739,0.669580575571988,0.780868899925244,0.3793798951293332,1.3950262445453134,1.7704904374069177,1.7664828131898174,1.6790846413659914,1.5803015782826908,1.4803939422572179,1.3803996849865303,1.2803999858840776,1.1803999994452785,1.0804000000207252,0.9803999989594272,0.880400023711461,0.7803995336686032,0.6804077614110527,0.5802934508663861,0.48156366071407125,0.3708230054281236,0.334747754123428,0
0,0.008648135425860551,0.03013321449715399,0.0546520117122576,0.07960399897082582,0.10460025224634782,0.1296000134208721,0.15460000061466134,0.17960000002460993,0.204600000000872,0.22960000000002787,0.2546000000000009,0.27959999999999957,0.30459999999999865,0.3295999999999985,0.35459999999999847,0.3795999999999985,0.4045999999999985,0.42959999999999826,0.4546000000000163,0.4795999999993946,0.5046000000190283,0.5295999994650601,0.5546000132953663,0.5795997115135167,0.604605377542077,0.6295157102773098,0.6556783053144442,0.668830863320893,0.7826101040078999,0.37569495106161277,1.386679581291648,1.7682616979950507,1.767031247966063,1.6802017287754343,1.5814937224773435,1.4815933536169947,1.3815996487247693,1.281599983997325,1.1815999993604587,1.0816000000236403,0.9815999988172828,0.8816000265032059,0.7815994872424056,0.6816083979078661,0.581486515470568,0.4828204833867008,0.3717039008676674,0.33697269215599673,0
0,0.008467336138877627,0.02985719123943561,0.05435518700541557,0.07930430952762127,0.10430027615964754,0.12930001493066223,0.1543000006950389,0.17930000002829266,0.2043000000010195,0.2293000000000331,0.254300000000001,0.2792999999999996,0.3042999999999987,0.3292999999999985,0.35429999999999845,0.37929999999999847,0.4042999999999985,0.4292999999999981,0.45430000000001997,0.4792999999992805,0.5043000000222343,0.5292999993854021,0.5543000150230756,0.5792996793280365,0.6043058815494943,0.6292092727106756,0.6554424143961827,0.6680692725287323,0.7843689194814556,0.3720705341979103,1.3783241808100473,1.7659795879950042,1.7675596077813807,1.6813149539283665,1.5826853727282941,1.4827927180595102,1.3827996089424872,1.282799981893511,1.1827999992643008,1.0828000000268994,0.9827999986584054,0.8828000295726551,0.7827994370139776,0.6828090757384971,0.5826792429576949,0.4840791790743182,0.37257898761505165,0.33920291556120274,0
0,0.008288192991441014,0.029581864134236382,0.054058504295686455,0.07900463899269587,0.1040003019272293,0.1290000165834499,0.15400000078445314,0.17900000003245678,0.20400000000118906,0.2290000000000392,0.2540000000000012,0.27899999999999964,0.3039999999999987,0.32899999999999846,0.3539999999999984,0.37899999999999845,0.40399999999999847,0.428999999999998,0.4540000000000243,0.4789999999991472,0.5040000000259176,0.528999999295397,0.5540000169434197,0.5789996441288779,0.6040064239891985,0.6289024535135955,0.6552092543972743,0.6672957134982206,0.7861449119114405,0.36850680262993873,1.3699607264872646,1.7636441754331762,1.7680675955857805,1.682424199338685,1.5838765061435072,1.4839920326422251,1.3839995653594832,1.2839999795515802,1.1839999991555004,1.0840000000305348,0.9839999984811308,0.8840000329425217,0.7839993827369826,0.6840097969028348,0.58387162233768,0.48533978060637406,0.37344824519613035,0.34143838948689303,0
0,0.008110701806635597,0.029307242266410908,0.0537619676465357,0.07870498820690662,0.10370032966168477,0.12870001839030656,0.1537000008837591,0.17870000003715636,0.20370000000138358,0.22870000000004634,0.2537000000000015,0.27869999999999967,0.30369999999999875,0.32869999999999844,0.3536999999999984,0.3786999999999984,0.40369999999999845,0.42869999999999786,0.45370000000002936,0.4786999999989919,0.5037000000301401,0.528699999193892,0.5537000190744188,0.5786996056866033,0.6037070071328902,0.6285952365311471,0.6549788948373665,0.6665100995531356,0.7879376453766502,0.3650039077424838,1.3615899022504452,1.7612555342185852,1.7685549154423474,1.6835293458753386,1.585067099143686,1.4851912942869292,1.3851995176780272,1.285199976948804,1.1851999990326267,1.085200000034581,0.9851999982836589,0.8852000366369867,0.7851993241532207,0.6852105634652306,0.5850636424354587,0.48660232086922334,0.37431165354284723,0.3436790789580698,0
0,0.00793485835303713,0.029033334671371508,0.05346558117089273,0.07840535803481573,0.10340035948058438,0.12840002036297413,0.153400000993878,0.1784000000424506,0.20340000000160624,0.22840000000005464,0.25340000000000173,0.2783999999999997,0.3033999999999988,0.3283999999999984,0.3533999999999984,0.3783999999999984,0.4033999999999984,0.42839999999999767,0.4534000000000354,0.4783999999988112,0.5034000000349708,0.5283999990796263,0.5534000214354625,0.5783995637582524,0.6034076333478229,0.6282876052049202,0.6547514056592345,0.6657123470498999,0.7897466825275141,0.361561994201241,1.3532123924915886,1.7588137441394338,1.7690212725724068,1.6846302727731306,1.5862571274532165,1.4863904997757231,1.386399465582056,1.2863999740606764,1.186399998894112,1.0864000000390748,0.9863999980640444,0.8864000406817693,0.7863992609922512,0.6864113775555372,0.5862552918910348,0.48786683280257903,0.37516919299431417,0.3459249488793269,0
0,0.007760658345008901,0.028760150334464375,0.05316934903071206,0.07810574936495758,0.10310039150661543,0.12810002251389435,0.15310000111580113,0.17810000004840423,0.20310000000186063,0.22810000000006428,0.25310000000000205,0.27809999999999974,0.3030999999999988,0.3280999999999984,0.35309999999999836,0.3780999999999984,0.4030999999999984,0.4280999999999974,0.4531000000000425,0.4780999999986016,0.5031000000404858,0.5280999989512234,0.5531000240473908,0.5780995180867783,0.6031083050991429,0.6279795425710517,0.6545268572081646,0.6649023753886902,0.7915715846446061,0.3581811999414566,1.3448288819919594,1.7563188908589489,1.7694663734006046,1.6857268576438458,1.587446566091201,1.4875896457469502,1.3875994087363461,1.2875999708608041,1.1875999987382417,1.087600000044055,0.9875999978201883,0.8876000451042,0.7875991929710086,0.6876122413701444,0.5874465591595525,0.48913334939595937,0.3760208442978537,0.3481759640372928,0
0,0.007588097443002114,0.028487698190350155,0.0528732754365291,0.07780616311010216,0.10280042586772181,0.12780002485623923,0.15280000125059406,0.17780000005508786,0.20280000000215068,0.22780000000007544,0.2528000000000024,0.27779999999999977,0.30279999999999885,0.32779999999999837,0.35279999999999834,0.37779999999999836,0.40279999999999844,0.4277999999999972,0.4528000000000509,0.4777999999983589,0.5028000000467701,0.527799998807182,0.5528000269325775,0.5777994684004678,0.6028090249522373,0.6276710312583976,0.6543053202112588,0.6640801070240716,0.7934119116972895,0.3548616561573725,1.3364400558464544,1.753771065910497,1.7698899255998952,1.6868189764877022,1.5886353893625824,1.4887887286910793,1.388799346785663,1.2887999673207928,1.1887999985631423,1.0888000000495635,0.9887999975498274,0.8888000499332951,0.7887991197934129,0.6888131571730132,0.5886374325113976,0.49040190368512954,0.3768665886100057,0.3504320891030799,0
0,0.007417171253860013,0.028215987122388993,0.05257736464701059,0.077506600207515,0.10250046269724498,0.127500027403942,0.15250000139940098,0.17750000006257852,0.20250000000248075,0.22750000000008833,0.2525000000000029,0.2774999999999998,0.3024999999999989,0.32749999999999835,0.3524999999999983,0.37749999999999834,0.40249999999999847,0.4274999999999969,0.4525000000000607,0.47749999999807863,0.5025000000539172,0.5274999986458672,0.5525000301150177,0.5774994144123499,0.6025097955750898,0.6273620534868435,0.6540868657566647,0.6632454674751554,0.7952672224024897,0.3516034872924775,1.3280465993879356,1.7511703666919765,1.770291638136432,1.687906503705126,1.5898235708493622,1.4899877449465408,1.3899992793538847,1.289999963410128,1.1899999983667697,1.0900000000556433,0.989999997250525,0.8900000551998336,0.7899990411499745,0.6900141272967053,0.5898279000323249,0.4916725287485379,0.377706407497498,0.3526932886347399,0
0,0.007247875331125679,0.02794502596203009,0.05228162096849984,0.07720706161921359,0.10220050213406642,0.12720003017172907,0.15220000156344915,0.17720000007096004,0.20220000000285568,0.22720000000010318,0.2522000000000034,0.27719999999999984,0.3021999999999989,0.3271999999999983,0.3521999999999983,0.3771999999999983,0.4021999999999985,0.4271999999999965,0.4522000000000722,0.4771999999977555,0.5022000000620305,0.5271999984655006,0.5522000336204188,0.5771993558195895,0.6022106197406428,0.6270525910657541,0.6538715652727348,0.6623983853352805,0.7971370742835858,0.3484068110305648,1.3196491981115386,1.7485168964594855,1.7706712213143532,1.6889893121088484,1.5910110834019138,1.4911866906955138,1.391199206043103,1.2911999590960508,1.1911999981468966,1.0912000000623407,0.9911999969196599,0.8912000609364369,0.7911989567173933,0.6912151541434112,0.5910179496236139,0.49294525770374686,0.3785402829381808,0.3549595270797249,0
0,0.007080205175353498,0.027674823488205845,0.051986048754556737,0.07690754833222019,0.10190054432275134,0.12690003317515278,0.15190000174405377,0.1769000000803236,0.20190000000328082,0.22690000000012028,0.25190000000000407,0.27689999999999987,0.30189999999999895,0.3268999999999983,0.35189999999999827,0.3768999999999983,0.40189999999999854,0.42689999999999606,0.4519000000000857,0.47689999999738375,0.501900000071224,0.5268999982641502,0.5519000374762942,0.5768992923028682,0.6019115003291658,0.6267426253925615,0.6536594905071177,0.6615387922812154,0.7990210237294141,0.3452717382875971,1.311248537598965,1.7458107643202687,1.771028386820457,1.690067272936323,1.5921978991303938,1.4923855619596667,1.3923991264326998,1.292399954343428,1.1923999979010989,1.092400000069704,0.9923999965544154,0.8924000671776505,0.7923988661581515,0.6924162401859738,0.5922075690022519,0.4942201237038595,0.37936819732192495,0.357230768777354,0
0,0.006914156234424263,0.027405388426730626,0.05169065240549265,0.07660806135881101,0.10160058941369374,0.12660003643062495,0.15160000194262274,0.17660000009076826,0.20160000000376205,0.22660000000013994,0.25160000000000476,0.2765999999999999,0.301599999999999,0.3265999999999983,0.35159999999999825,0.37659999999999827,0.40159999999999857,0.42659999999999554,0.45160000000010136,0.4765999999969569,0.5016000000816234,0.5265999980397198,0.5516000417120619,0.576599223525751,0.6016124403306277,0.6264321374514938,0.6534507135057858,0.6606666230818816,0.8009186260533758,0.3421983732043798,1.3028453034427692,1.7430520852249398,1.7713628477687606,1.6911402558624635,1.5933839893962538,1.493584354595853,1.3935990400783973,1.2935999491146175,1.1935999976267413,1.0936000000777841,0.9935999961517676,0.8936000739600282,0.7935987691201015,0.6936173879689093,0.5933967457011446,0.49549715993394144,0.380190133451484,0.35950697796128556,0
0,0.00674972390386388,0.027136729449704217,0.051395436367900164,0.07630860173676181,0.10130063756326285,0.1263000399554514,0.1513000021606619,0.17630000010240143,0.2013000000043058,0.22630000000016248,0.25130000000000563,0.27629999999999993,0.301299999999999,0.32629999999999826,0.3512999999999982,0.37629999999999825,0.4012999999999986,0.4262999999999949,0.4513000000001196,0.47629999999646777,0.5013000000933668,0.5262999977899372,0.5513000463591458,0.5762991491340396,0.6013134428470732,0.6261211078124429,0.6532453065920034,0.6597818156065961,0.8028294355526409,0.33918681314004345,1.2944401811706459,1.740240979958984,1.7716743187449355,1.6922081290126985,1.5945693248038535,1.49478306429176,1.3947989465112847,1.2947999433693274,1.1947999973209622,1.094800000086634,0.9947999957084742,0.8948000813222181,0.7947986652360483,0.694818600109423,0.5945854670693544,0.4967763996074394,0.3810060745433199,0.36178811876199446,0
0,0.006586903527165654,0.02686885517492,0.051100405134177816,0.07600917052958964,0.10100068893395071,0.126000043767867,0.15100000239978018,0.17600000011533956,0.20100000000491924,0.22600000000018827,0.2510000000000066,0.27599999999999997,0.30099999999999905,0.32599999999999824,0.3509999999999982,0.3759999999999982,0.40099999999999864,0.42599999999999416,0.4510000000001408,0.4759999999959083,0.5010000001066061,0.5259999975123425,0.5510000514510811,0.575999068755112,0.6010145110950028,0.6258095166299733,0.6530433423452385,0.6588843108328323,0.8047530055674402,0.3362371486663354,1.2860338561697322,1.7373775751335383,1.7719625158506132,1.693270758976345,1.5957538751921791,1.4959816865615154,1.3959988452368193,1.2959999370644693,1.1959999969806583,1.096000000096309,0.9959999952210608,0.8960000893050527,0.795998554123325,0.6960198792984231,0.5957737202723663,0.4980578759625956,0.38181600422839257,0.3640741552092544,0
0,0.006425690396116134,0.026601774165277925,0.050805563242049795,0.075709768826791,0.10070074369452105,0.125700047887072,0.15070000266169534,0.17570000012970874,0.20070000000561014,0.22570000000021775,0.25070000000000775,0.2757,0.3006999999999991,0.3256999999999982,0.3506999999999982,0.3756999999999982,0.40069999999999867,0.4256999999999933,0.4507000000001653,0.4756999999952695,0.5007000001215075,0.5256999972042756,0.5507000570236245,0.5756989819972484,0.6007156484077536,0.6254973436424719,0.6528448935800214,0.6579740528534991,0.8066888885404392,0.33334946356272166,1.277627013610929,1.734462003175453,1.7722271567475563,1.6943280108202956,1.596937609626668,1.4971802167412476,1.3971987357338016,1.2971999301540063,1.1971999966024673,1.0972000001068667,0.9971999946858083,0.8972000979516391,0.7971984353833648,0.6972212283015289,0.5969614922923813,0.4993416222588594,0.3826199065529126,0.36636505123462476,0
0,0.006266079751124466,0.02633549492820232,0.05051091527408072,0.07541039774407617,0.10040080202015936,0.12540005233326895,0.15040000294823952,0.17540000014564525,0.20040000000638708,0.22540000000025137,0.25040000000000906,0.27540000000000003,0.3003999999999991,0.32539999999999825,0.35039999999999816,0.3753999999999982,0.4003999999999987,0.4253999999999923,0.45040000000019365,0.47539999999454147,0.5004000001382535,0.5253999968628629,0.5504000631148667,0.5753988884489437,0.6004168582378823,0.6251845681714383,0.6526500333247552,0.6570509888837366,0.8086366360761839,0.33052383481229874,1.2692203383732525,1.7314944023166332,1.772467960701687,1.6953797481030208,1.5981204963911424,1.4983786499846048,1.398398617453325,1.2983999225887943,1.1983999961827503,1.0984000001183667,0.9983999940987397,0.8984001073074538,0.7983983086012655,0.6984226499600747,0.5981487699286373,0.5006276717732963,0.383417765979058,0.36866077067394226,0
0,0.0061080667815552525,0.026070025915064583,0.05021646585718548,0.07511105842359969,0.1001008640926242,0.12510005712770048,0.15010000326136527,0.17510000016329635,0.20010000000725944,0.22510000000028965,0.2501000000000106,0.27510000000000007,0.30009999999999915,0.3250999999999983,0.35009999999999813,0.37509999999999816,0.40009999999999873,0.4250999999999911,0.4501000000002264,0.4750999999937131,0.5001000001570436,0.5250999964850032,0.5501000697653502,0.5750987876782057,0.6001181441595473,0.6248711691209171,0.6524588348004815,0.6561150692672281,0.8105957990006125,0.32776033259851634,1.2608145149682266,1.7284749165826625,1.7726846486269687,1.6964258328888842,1.5993025029798529,1.4995769812582318,1.3995984898176999,1.2995999143164179,1.199599995717573,1.0996000001308708,0.9995999934556051,0.8996001174204387,0.7995981733453498,0.6996241471921105,0.599335539797758,0.5019160577969938,0.38420956738565415,0.3709612772698166,0
0,0.0059516466260648646,0.025805375520610803,0.04992221966213427,0.07481175203418707,0.09980093010039959,0.12480006229268803,0.1498000036031517,0.174800000182821,0.19980000000823747,0.22480000000033315,0.24980000000001232,0.27480000000000016,0.2997999999999992,0.3247999999999983,0.3497999999999981,0.37479999999999813,0.39979999999999877,0.42479999999998974,0.44980000000026404,0.4747999999927722,0.49980000017809584,0.5247999960673533,0.549800077018191,0.5747986792318405,0.599819509870891,0.6245571249770715,0.6522713713996037,0.6551662474820272,0.8125659274206248,0.32505902030271067,1.2524102274643216,1.72540369578071,1.7728769431291314,1.6974661257627668,1.6004835960896369,1.5007752053372048,1.4007983522193508,1.3007999052810186,1.2007999952026862,1.1008000001444427,1.0007999927518678,0.9008001283411002,0.8007980291667197,0.7008257229933961,0.6005217883341287,0.5032068136314664,0.3849952960688172,0.3732665346741305,0
0,0.0057968143729412,0.025541552082394385,0.049628181403052814,0.07451247977155748,0.09950100023884859,0.12450006785167152,0.14950000397581092,0.17450000020439047,0.1995000000093324,0.2245000000003825,0.24950000000001432,0.27450000000000024,0.2994999999999992,0.32449999999999835,0.3494999999999981,0.3744999999999981,0.3994999999999988,0.42449999999998816,0.4495000000003074,0.4744999999917052,0.49950000020164836,0.5244999956063127,0.5495000849192041,0.5744985626347243,0.5995209591964197,0.6242424138078992,0.652087716664574,0.6542044801459012,0.8145465707837007,0.3224199545024485,1.2440081594114536,1.722280895486721,1.773044568549239,1.6985004858450037,1.6016637416121902,1.5019733168004266,1.4019982040196879,1.3019998954231187,1.2019999946335056,1.1020000001591477,1.0019999919826879,0.9020001401226111,0.801997875598806,0.7020273804383916,0.6017075017903003,0.5044999725850582,0.3857749377425612,0.3755765064505434,0
0,0.005643565060446833,0.025278563880213715,0.04933435583691784,0.07421324285854271,0.0992010747103679,0.12420007382924975,0.14920000438169462,0.17420000022818935,0.19920000001055646,0.2242000000004384,0.2492000000000166,0.27420000000000033,0.29919999999999924,0.3241999999999984,0.34919999999999807,0.3741999999999981,0.39919999999999883,0.4241999999999863,0.4492000000003571,0.47419999999049717,0.49920000022796074,0.5241999950980073,0.5492000935170336,0.5741984373890611,0.5992224960893806,0.6239270132630903,0.651907944266546,0.6532297270211864,0.8165372779375615,0.319843184970682,1.235608993765548,1.7191066770318943,1.7731872510070894,1.699528770806626,1.6028429046264576,1.5031713100259816,1.4031980445479517,1.3031998846794357,1.2031999940050895,1.1032000001750526,1.003199991142907,0.9032001528209144,0.8031977121569113,0.7032291226812427,0.6028926662374203,0.5057955679693447,0.3865484785393683,0.3778911560769988,0
0,0.0054918936771655505,0.02501641913555489,0.049040747763047864,0.07391404254530201,0.09890115372454367,0.12390008025122179,0.14890000482330099,0.17390000025441618,0.19890000001192296,0.22390000000050164,0.24890000000001924,0.2739000000000004,0.2988999999999993,0.3238999999999984,0.34889999999999805,0.37389999999999807,0.3988999999999989,0.4238999999999842,0.448900000000414,0.47389999998913157,0.4989000002573157,0.5238999945382729,0.5489001028632873,0.573898302973627,0.5989241246341365,0.6236109005740273,0.6517321279839974,0.6522419510191604,0.8185375971898645,0.3173287546757141,1.2272134128131806,1.715881207488445,1.773304718444441,1.7005508368849098,1.6040210493911415,1.5043691791864526,1.404397873100031,1.3043998729826929,1.2043999933121157,1.1044000001922256,1.004399990227032,0.9044001664948303,0.8043975383377493,0.7044309529567596,0.6040772675656917,0.507093633095533,0.3873159050107224,0.380210446948235,0
0,0.005341795162352221,0.024755126011039595,0.048747362022589384,0.07361488010953304,0.09860123749830815,0.12360008714462925,0.14860000530328182,0.17360000028328446,0.19860000001344644,0.22360000000057306,0.24860000000002225,0.27360000000000056,0.2985999999999993,0.32359999999999844,0.348599999999998,0.37359999999999804,0.398599999999999,0.4235999999999817,0.4486000000004791,0.47359999998759017,0.49860000029002083,0.523599993922637,0.5486001130126752,0.5735981588430019,0.5986258490485341,0.6232940525539282,0.6515603416813266,0.6512411182039252,0.8205470763679252,0.3148766997819742,1.2188220980963043,1.7126046596546576,1.7733967006680622,1.7015665388992296,1.6051981393373322,1.5055669182441993,1.4055976889372537,1.3055998602614203,1.2055999925488585,1.105600000210736,1.0055999892292165,0.905600181206166,0.8055973536189778,0.705632874581392,0.6052612914848591,0.5083942012708629,0.38807720412760616,0.38253434237829936,0
0,0.0051932644062859835,0.02449469260987817,0.04845420349799842,0.07331575685667872,0.09830132625609758,0.12330009453779942,0.14830000582444988,0.17330000031502346,0.1983000000151427,0.22330000000065361,0.2483000000000257,0.2733000000000007,0.29829999999999934,0.3232999999999985,0.348299999999998,0.373299999999998,0.3982999999999991,0.42329999999997886,0.4483000000005535,0.4732999999858529,0.49830000032641053,0.523299993246301,0.548300124023153,0.5732980044267868,0.5983276736862686,0.6229764455981315,0.6513926592874266,0.6502271977958056,0.822565262878457,0.3124870496516039,1.210435730337068,1.709277212039227,1.7734629293925948,1.702575730267214,1.6063741370612625,1.5067645209465999,1.4067974912851504,1.3067998464397506,1.2067999917091625,1.106800000230654,1.006799988143244,0.9068001970198275,0.8067971574587264,0.7068348909541967,0.6064447235247222,0.5096973057950064,0.38883236328096155,0.384862805603065,0
0,0.005046296250626714,0.024235126975327898,0.048161277112517616,0.07301667412013013,0.09800142023001086,0.1230001024603893,0.14800000638978653,0.1730000003498793,0.19800000001702892,0.22300000000074433,0.2480000000000296,0.27300000000000085,0.2979999999999994,0.3229999999999985,0.347999999999998,0.372999999999998,0.3979999999999992,0.4229999999999755,0.4480000000006382,0.4729999999838978,0.49800000036684783,0.5229999925041205,0.5480001359560701,0.5729978391288081,0.5980296030392406,0.6226580556845245,0.6512291547742406,0.6492001621742595,0.8245917037673222,0.3101598268468522,1.2020549893627424,1.7058990488448937,1.773503138283227,1.703578263021202,1.6075490043171863,1.5079619808212565,1.4079972793321915,1.3079998314372066,1.2079999907864172,1.1080000002520494,1.007999986962509,0.9080002140039346,0.8079969492951201,0.7080370055578007,0.6076275490356774,0.5110029799564689,0.3895813702821132,0.38719579978275076,0
0,0.004900885488774747,0.023976437090156552,0.047868587829648805,0.07271763326142518,0.0977015196599693,0.12270011094343064,0.1477000070024496,0.17270000038811587,0.19770000001912372,0.22270000000084633,0.2477000000000341,0.27270000000000105,0.2976999999999994,0.32269999999999854,0.34769999999999796,0.372699999999998,0.39769999999999933,0.42269999999997165,0.4477000000007347,0.47269999998170054,0.4977000004117265,0.5226999916905852,0.547700148876322,0.572697662326309,0.5977316417399062,0.6223388583741145,0.6510699021353021,0.648159986880301,0.8266259457792866,0.3078950471332797,1.193680554030754,1.7024703599513709,1.7735170629981691,1.7045739878249981,1.608722702010386,1.5091592911711664,1.4091970522284958,1.3091998151684812,1.2091999897735282,1.1092000002749929,1.0091999856799976,0.909200232229939,0.8091967285457969,0.7092392219593574,0.6088097531892854,0.5123112570289903,0.39032421336315554,0.3895332880044434,0
0,0.004757026866233808,0.023718630876111306,0.047576140652621196,0.07241863567044325,0.09740162479387728,0.12240012001937575,0.14740000766578149,0.17240000043001583,0.19740000002144734,0.22240000000096086,0.24740000000003917,0.27240000000000125,0.29739999999999944,0.3223999999999986,0.34739999999999793,0.37239999999999795,0.3973999999999995,0.42239999999996725,0.4474000000008443,0.4723999999792346,0.4974000004614732,0.5223999907997977,0.5474001628525077,0.5723974733691275,0.5974337945636194,0.6220188288117421,0.650914975364265,0.6471066506184371,0.8286675354177687,0.3056927194837709,1.1853131021538454,1.6989913408975663,1.7735044412309273,1.7055627539909248,1.609895190190309,1.5103564450698577,1.4103968090845118,1.310399797543211,1.2103999886628891,1.110400000299554,1.0103999842882678,0.9104002517727442,0.8103964946074205,0.7104415438114965,0.6099913209788677,0.5136221702679471,0.3910608811773028,0.39187523328462237,0
0,0.00461471508097714,0.023461716193392983,0.04728394062385521,0.07211968276559572,0.09710173588778367,0.12210012972214433,0.14710000838331763,0.17210000047588184,0.19710000002402167,0.22210000000108931,0.24710000000004492,0.2721000000000015,0.2970999999999995,0.3220999999999986,0.3470999999999979,0.37209999999999793,0.3970999999999997,0.42209999999996217,0.44710000000096867,0.47209999997647084,0.49710000051654984,0.5220999898254515,0.5471001779570918,0.5720972715788608,0.5971360664309637,0.6216979417269383,0.6507644484334248,0.6460401352581161,0.8307160190045767,0.3035528460833545,1.1769533104253627,1.6954621928631037,1.7734650127523672,1.7065444094971685,1.6110664280438354,1.5115534353564926,1.4115965489696718,1.3115997784657407,1.211599987446351,1.1116000003258018,1.0115999827794286,0.9116002727108293,0.8115962468551879,0.7116439748532678,0.6111722372201289,0.5149357529067565,0.39179136279920274,0.3942215985716862,0
0,0.004473944783816782,0.023205700840135714,0.04699199282442199,0.07182077599401214,0.09680185320604438,0.12180014008717113,0.1468000091587952,0.1718000005260376,0.19680000002687043,0.22180000000123318,0.24680000000005145,0.27180000000000176,0.2967999999999995,0.32179999999999864,0.3467999999999979,0.3717999999999979,0.3967999999999999,0.4217999999999564,0.4468000000011096,0.47179999997337735,0.49680000057745594,0.5217999887608082,0.5468001942665713,0.5717970562480176,0.5968384624100752,0.6213761714349235,0.6506183952722377,0.6449604258346892,0.8327709427396253,0.30147542233482977,1.168601854344684,1.6918831226491418,1.7733985194525628,1.7075188010054196,1.6122363738886794,1.5127502546309375,1.4127962709110162,1.3127997578348807,1.2127999861151906,1.1128000003538032,1.0127999811451185,0.9128002951263747,0.8127959846423333,0.7128465189110782,0.612352486551808,0.5162520381532821,0.39251564772521313,0.3965723467484814,0
0,0.0043347105787759676,0.022950592551892083,0.04670030237349873,0.0715219168317224,0.09650197702148543,0.12150015115145463,0.146500009996162,0.17150000058082915,0.19650000003001925,0.22150000000139408,0.24650000000005884,0.2715000000000021,0.29649999999999954,0.3214999999999987,0.34649999999999787,0.3714999999999979,0.39650000000000013,0.4214999999999497,0.44650000000126905,0.47149999996991926,0.4965000006447314,0.5214999875986736,0.5465002118616481,0.5714968266391566,0.5965409877189538,0.6210534918377505,0.6504768897458392,0.6438675105498848,0.8348318527606244,0.2994604368651994,1.1602594081427982,1.6882543426584944,1.7733047053824251,1.7084857738788028,1.6134049851669263,1.5139468952488035,1.4139959738917927,1.3139997355436557,1.213999984660077,1.1140000003836237,1.0139999793764831,0.9140003191053915,0.813995707299625,0.7140491798996214,0.6135320534363548,0.5175710591862417,0.3932337258736419,0.3989274406348327,0
0,0.004197007023464615,0.022696399001123746,0.04640887442781975,0.07122310678383448,0.09620210761556704,0.12120016295360657,0.14620001089958576,0.17120000064062602,0.19620000003349586,0.22120000000157383,0.2462000000000672,0.27120000000000244,0.2961999999999996,0.3211999999999987,0.34619999999999784,0.37119999999999786,0.39620000000000044,0.42119999999994207,0.4462000000014492,0.4711999999660585,0.49620000071895887,0.5211999863313721,0.5462002308274052,0.5711965819840127,0.5962436477277623,0.6207298764255892,0.6503400056335664,0.6427613807717961,0.8368982952027325,0.29750787153290636,1.1519266447080383,1.6845760708750566,1.7731833167951032,1.7094451722000958,1.6145722184387064,1.5151433493164543,1.4151956568500235,1.315199711479046,1.2151999830710374,1.1152000004153253,1.0151999774641525,0.9152003447378526,0.8151954141348596,0.7152519618228009,0.614710922160635,0.5188928491516179,0.39394558758495035,0.40128684299007455,0
0,0.004060828629457872,0.022443127796697614,0.04611771418112348,0.070924347384708,0.0959022452785484,0.12090017553390246,0.14590001187346363,0.17090000070582256,0.19590000003733016,0.2209000000017744,0.24590000000007664,0.27090000000000286,0.2958999999999996,0.32089999999999874,0.3458999999999978,0.37089999999999784,0.39590000000000075,0.4208999999999334,0.44590000000165253,0.4708999999617534,0.49590000080076696,0.5208999849507214,0.5459002512534894,0.5708963214826105,0.5959464479611128,0.6204052982781544,0.6502078166074892,0.6416420310343811,0.8389698162581658,0.2956177014358745,1.1436042355119853,1.6808485308425343,1.773034102187153,1.7103968387902342,1.6157380293760082,1.5163396086859864,1.416395318677048,1.31639968552172,1.2163999813374198,1.1164000004489667,1.0163999753982174,0.9164003721178283,0.81639510443235,0.7164548687746463,0.6158890768366622,0.5202174411590721,0.3946512236219196,0.40365051651558426,0
0,0.003926169862677686,0.022190786483387622,0.04582682686359542,0.07062564019812345,0.09560239030965324,0.12060018893433297,0.1456000129224321,0.17060000077683937,0.19560000004155445,0.22060000000199792,0.24560000000008728,0.27060000000000334,0.29559999999999964,0.3205999999999988,0.34559999999999785,0.3705999999999978,0.3956000000000011,0.4205999999999235,0.4456000000018816,0.4705999999569587,0.49560000089083317,0.5205999834480051,0.545600273234298,0.5705960443023648,0.5956493941003396,0.6200797300662761,0.6500803962109518,0.640509459036477,0.8410459622357569,0.2937898949203516,1.1352928505355453,1.6770719516424832,1.7728568123394668,1.7113406152271011,1.6169023727566336,1.51753566495018,1.4175949582160334,1.3175996575457578,1.2175999794478563,1.1176000004846018,1.0175999731682042,0.9176004013436235,0.817594777452409,0.7176579049402204,0.6170665014023556,0.5215448682783606,0.39535062516978053,0.4060184238573158,0
0,0.003793025143777361,0.021939382541382117,0.045536217741307006,0.0703269868174471,0.09530254301723598,0.1203002031986563,0.14530001405137707,0.17030000085412464,0.1953000000462035,0.22030000000224673,0.24530000000009924,0.27030000000000387,0.2952999999999997,0.3202999999999988,0.3452999999999979,0.3702999999999978,0.39530000000000154,0.4202999999999122,0.4453000000021394,0.470299999951625,0.4953000009898869,0.5202999818139443,0.5453002968691719,0.5702957495771686,0.5953524919857561,0.6197531440536125,0.6499578178371306,0.6393636656403282,0.8431262796204536,0.29202441359055287,1.1269931581952124,1.6732465678716597,1.772651200357959,1.712276341864598,1.618065202458295,1.5187315094374236,1.41879457426046,1.3187996274183669,1.2187999773902232,1.1188000005222798,1.01879997076305,0.9188004325179183,0.8187944324308295,0.7188610745965207,0.6182431796223268,0.522875163535756,0.3960437838363068,0.4083905276083345,0
